creationDate|id|locationIP|browserUsed|content|length
2012-08-31T18:38:32.626+00:00|1030792151558|31.41.169.140|Chrome|yes|3
2012-08-31T23:27:00.209+00:00|1030792151559|27.116.33.147|Safari|thanks|6
2012-08-31T18:39:11.525+00:00|1030792151560|31.41.169.140|Chrome|LOL|3
2012-09-01T02:55:46.226+00:00|1030792151561|91.191.192.127|Firefox|I see|5
2012-08-31T19:49:53.471+00:00|1030792151562|91.191.192.127|Firefox|fine|4
2012-08-31T18:38:37.626+00:00|1030792151563|103.1.176.97|Safari|right|5
2012-08-31T18:24:12.597+00:00|1030792151564|31.192.109.124|Internet Explorer|About Wolfgang Amadeus Mozart, among the mosAbout Janis Joplin, ust Me, Merce|77
2012-09-01T05:38:14.053+00:00|1030792151565|196.29.42.107|Firefox|good|4
2012-09-01T01:21:29.766+00:00|1030792151566|31.24.100.159|Firefox|no|2
2012-09-01T02:52:25.067+00:00|1030792151567|31.41.169.140|Chrome|About Isabella I of Castile, political unificatioAbout William Shakespeare,  a |79
2012-09-01T19:51:46.211+00:00|1030792151568|31.24.100.159|Firefox|cool|4
2012-09-01T03:50:42.987+00:00|1030792151569|31.182.127.125|Internet Explorer|About Commonwealth of England, and and Scotland from 1649 to 1660. Between 1About The Blu|89
2012-09-01T03:26:27.372+00:00|1030792151570|31.41.169.140|Chrome|good|4
2012-09-01T05:14:23.908+00:00|1030792151571|202.171.246.41|Internet Explorer|thx|3
2012-09-01T09:27:39.890+00:00|1030792151572|31.192.109.124|Internet Explorer|About Kurt Vonnegut, nion and a criticalAbout A Little Less Conversation, |74
2012-08-31T19:49:31.833+00:00|1030792151573|91.191.192.127|Firefox|good|4
2012-08-24T03:15:25.844+00:00|1030792151575|31.24.100.159|Firefox|duh|3
2012-08-23T20:07:21.673+00:00|1030792151576|27.116.33.147|Safari|About Jermaine Dupri, i or JD, is an American record producerAbout Never Too |77
2012-08-24T06:41:28.565+00:00|1030792151577|27.116.33.147|Safari|fine|4
2012-08-24T01:58:15.724+00:00|1030792151578|91.191.192.127|Firefox|About Wolfgang Amadeus Mozart,  He was survived by his wife ConstanzeAbout |75
2012-08-24T01:31:29.809+00:00|1030792151579|31.24.100.159|Firefox|About Never Too Far/Hero Medley, several charitable events. Carey performed the medley liveAbout More Fish, n Hi-T|114
2012-08-24T03:24:44.156+00:00|1030792151580|31.24.100.159|Firefox|no|2
2012-08-24T18:58:25.568+00:00|1030792151581|31.192.109.124|Internet Explorer|great|5
2012-08-24T04:02:12.409+00:00|1030792151582|193.104.227.215|Internet Explorer|About Wolfgang Amadeus Mozart, annes Chrysostomus Wolfgangus TheophAbout Giving You the Best That I Got, a|106
2012-08-24T02:43:46.463+00:00|1030792151583|103.1.176.97|Safari|About Vojvodina, rthern part of the country, in the Pannonian Plain of Central Europe. Its |91
2012-08-24T01:07:28.554+00:00|1030792151584|103.1.176.97|Safari|cool|4
2012-08-23T20:11:15.472+00:00|1030792151585|31.24.100.159|Firefox|roflol|6
2012-08-24T01:01:20.647+00:00|1030792151586|115.30.75.36|Safari|cool|4
2012-08-24T08:55:10.479+00:00|1030792151587|193.104.227.215|Internet Explorer|About Andrew Johnson, ons directing the seceded states to hold coAbout Giving You th|84
2012-08-24T19:31:33.183+00:00|1030792151588|31.24.100.159|Firefox|About Tupac Shakur, s of most of Tupac's songs are the violence and hardship in i|81
2012-08-24T18:56:11.105+00:00|1030792151589|31.41.169.140|Chrome|no|2
2012-08-24T17:51:22.208+00:00|1030792151590|192.190.31.253|Chrome|LOL|3
2012-07-02T06:07:53.870+00:00|962072674856|103.1.176.97|Safari|ok|2
2012-07-02T07:41:27.242+00:00|962072674857|31.24.100.159|Firefox|thanks|6
2012-07-02T07:16:40.537+00:00|962072674858|217.8.33.221|Firefox|About Wolfgang Amadeus Mozart, od in Salzburg. About John Legend, t Know My N|77
2012-07-02T11:10:43.970+00:00|962072674859|103.1.176.97|Safari|yes|3
2012-07-02T09:01:05.378+00:00|962072674860|103.1.176.97|Safari|About Pope Benedict XVI,  Inauguration Mass on 24 April 2005, and tookAbout Augustus,  tribune of the plebs and censor. He was consAbout Edgar Allan Poe, nces Allan, of Richmond, |179
2012-07-02T12:38:06.559+00:00|962072674861|31.24.100.159|Firefox|About Wolfgang Amadeus Mozart, burg. Already About John Legend, l of the LightAbo|81
2012-07-02T18:16:03.788+00:00|962072674862|193.104.227.215|Internet Explorer|LOL|3
2012-07-03T05:17:34.327+00:00|962072674863|31.192.109.124|Internet Explorer|good|4
2012-07-02T12:31:10.643+00:00|962072674864|103.1.176.97|Safari|yes|3
2012-07-02T13:36:11.868+00:00|962072674865|31.24.100.159|Firefox|maybe|5
2012-07-02T10:51:22.214+00:00|962072674866|193.104.227.215|Internet Explorer|About Edgar Allan Poe,  In January 1845 Poe published his pAbout Norway, arts of the British Isles, Iceland|107
2012-07-02T13:03:11.796+00:00|962072674867|193.104.227.215|Internet Explorer|About Edgar Allan Poe, de, tuberculosis, and otherAbout The Gambia, minated by|78
2012-07-02T12:41:21.337+00:00|962072674868|193.104.227.215|Internet Explorer|About Wolfgang Amadeus Mozart, y his wife CoAbout Alpocalypse, nth studio alAbout Virtu|87
2012-07-02T16:06:15.048+00:00|962072674869|193.104.227.215|Internet Explorer|ok|2
2012-07-02T10:51:35.445+00:00|962072674870|31.192.109.124|Internet Explorer|About Beck, ssassination in 1170. It contains many hisAbout Slovenia, nal character|83
2012-07-02T14:56:35.073+00:00|962072674871|103.1.176.97|Safari|roflol|6
2012-07-17T13:12:12.393+00:00|1030792152545|31.24.100.159|Firefox|About Celia Cruz, areer living in New Jersey, and working inAbout Palestinian terri|83
2012-07-17T22:31:55.230+00:00|1030792152546|196.29.42.107|Firefox|cool|4
2012-07-17T08:01:45.397+00:00|1030792152547|196.29.42.107|Firefox|About France, r 1712 – 3 May 1764) was an Italian polymath, philosopher, poet, essay|84
2012-07-17T08:10:06.278+00:00|1030792152548|196.29.42.107|Firefox|LOL|3
2012-07-17T14:30:55.882+00:00|1030792152549|196.29.42.107|Firefox|About Celia Cruz, Cuba. She spent much of her career livingAbout Rebel Without a |81
2012-07-17T09:51:14.006+00:00|1030792152550|196.29.42.107|Firefox|good|4
2011-10-17T02:14:14.265+00:00|687194768872|31.182.127.125|Internet Explorer|I see|5
2011-10-17T01:24:58.082+00:00|687194768873|193.58.252.189|Internet Explorer|About Muammar Gaddafi, f the RevAbout Muhammad Ali, ed as a tAbout Kenny Rogers,  p|83
2011-10-16T09:09:27.922+00:00|687194768874|31.182.127.125|Internet Explorer|About Silvio Berlusconi, d a conflict ofAbout Kenny Rogers,  United States About Paul|85
2011-10-16T22:31:30.894+00:00|687194768875|31.182.127.125|Internet Explorer|About Muammar Gaddafi,  MutharikaAbout Kenny Rogers, appearanceAbout Ted Kennedy, m were a|90
2011-10-17T08:02:05.520+00:00|687194768876|31.182.127.125|Internet Explorer|good|4
2011-10-17T08:12:14.191+00:00|687194768877|31.182.127.125|Internet Explorer|great|5
2011-10-17T01:15:59.726+00:00|687194768878|31.182.127.125|Internet Explorer|no way!|7
2011-10-16T13:38:30.925+00:00|687194768879|31.182.127.125|Internet Explorer|cool|4
2011-10-16T11:10:52.560+00:00|687194768880|31.182.127.125|Internet Explorer|About Haile Selassie I, he heir to a dyAbout Muammar Gaddafi,  General PeopleAbout Kenn|87
2011-10-17T00:03:59.510+00:00|687194768881|31.182.127.125|Internet Explorer|great|5
2011-10-17T07:53:03.867+00:00|687194768882|31.182.127.125|Internet Explorer|About Muammar Gaddafi, ry 2009 – 31About Kenny Rogers, All-Time in About Egypt, |80
2011-10-17T03:50:42.314+00:00|687194768883|31.182.127.125|Internet Explorer|thx|3
2012-07-08T10:31:04.085+00:00|962072675837|27.116.33.147|Safari|yes|3
2012-07-08T05:19:26.196+00:00|962072675838|203.215.63.48|Firefox|no|2
2012-07-08T23:10:04.531+00:00|962072675839|31.209.42.207|Internet Explorer|About Nicolas Cage, ll New Orleans (2009), Kick-Ass (2010), About Come to Dadd|78
2012-07-08T23:13:04.167+00:00|962072675840|27.4.90.237|Internet Explorer|maybe|5
2012-07-08T23:32:02.335+00:00|962072675841|1.29.220.142|Chrome|thanks|6
2012-07-08T07:00:59.031+00:00|962072675842|31.209.42.207|Internet Explorer|I see|5
2012-07-08T04:26:37.116+00:00|962072675843|27.116.33.147|Safari|ok|2
2012-07-08T23:30:16.541+00:00|962072675844|1.29.220.142|Chrome|About Nicolas Cage, ce/Off (1997), Gone in 60 SeAbout Girl All the Bad Guys Want,|81
2012-08-28T13:00:34.388+00:00|1030792152582|1.29.220.142|Chrome|About Judy Davis, dows. Davis first came to attention for her About Friedrich Engels, was later published as the fourth volume of About Jackie Chan, e the 1960s and has appea|174
2012-08-29T08:05:09.022+00:00|1030792152583|203.215.63.48|Firefox|LOL|3
2012-08-29T00:33:11.440+00:00|1030792152584|27.116.34.47|Chrome|thx|3
2012-08-28T16:44:21.457+00:00|1030792152585|1.2.2.77|Firefox|About Friedrich Engels, vember 1820 – 5 August 1895) waAbout H. P. Lovecraft, ecraft was r|90
2012-08-29T08:09:45.050+00:00|1030792152586|1.29.220.142|Chrome|About Henry IV of France, the Bourbon branch of the Capetian dyAbout Friedrich Engels, ngland, based on personal observationAbout Rainer Schüttler,|147
2012-08-28T20:18:28.234+00:00|1030792152587|31.170.121.115|Internet Explorer|no way!|7
2012-08-28T15:52:49.741+00:00|1030792152588|203.215.63.48|Firefox|no way!|7
2012-08-28T21:05:19.493+00:00|1030792152589|31.192.109.124|Internet Explorer|About Yevgeny Kafelnikov,  at the same Grand Slam toAbout H. P. Lovecraft, |75
2012-06-13T00:29:22.075+00:00|962072675857|1.2.2.77|Firefox|ok|2
2012-06-13T09:25:02.269+00:00|962072675858|203.215.63.48|Firefox|About Arnaud Clément, is best achievement About J. R. R. Tolkien, lologist, |76
2012-06-14T01:26:08.098+00:00|962072675859|31.209.42.207|Internet Explorer|fine|4
2012-06-12T14:33:27.658+00:00|962072675860|1.29.220.142|Chrome|maybe|5
2012-06-13T13:55:21.067+00:00|962072675861|1.2.2.77|Firefox|About Arnaud Clément, best achievement is reachiAbout J. R. R. Tolkien, term legendarium to the laAbout Adam Smith, sNotable ideas Classical eAbout Gene|152
2012-06-13T10:22:16.756+00:00|962072675862|203.215.63.48|Firefox|no|2
2012-06-13T14:28:19.627+00:00|962072675863|202.51.80.229|Chrome|great|5
2012-06-13T14:21:23.379+00:00|962072675864|27.116.34.47|Chrome|About J. R. R. Tolkien, the informal liAbout Samuel Taylor Coleridge, elie|74
2012-08-24T09:05:53.665+00:00|1030792152798|148.204.226.31|Chrome|LOL|3
2012-08-24T11:43:40.327+00:00|1030792152799|193.104.227.215|Internet Explorer|ok|2
2012-08-25T05:44:44.723+00:00|1030792152800|197.220.203.36|Firefox|great|5
2012-08-24T09:08:32.402+00:00|1030792152801|197.220.203.36|Firefox|great|5
2012-08-24T14:20:12.562+00:00|1030792152802|193.104.227.215|Internet Explorer|maybe|5
2012-08-24T17:11:17.013+00:00|1030792152803|193.104.227.215|Internet Explorer|duh|3
2012-08-24T20:29:21.604+00:00|1030792152804|197.220.203.36|Firefox|no way!|7
2012-08-24T21:12:08.146+00:00|1030792152805|196.29.42.107|Firefox|About Wolfgang Amadeus Mozart, ions of the RequieAbout Mick Jagger, xed reception. In A|87
2012-08-25T01:25:44.243+00:00|1030792152806|197.220.203.36|Firefox|no way!|7
2012-08-24T22:44:48.199+00:00|1030792152807|197.220.203.36|Firefox|right|5
2012-08-24T09:06:03.680+00:00|1030792152808|148.204.226.31|Chrome|good|4
2012-08-24T09:14:42.301+00:00|1030792152809|148.204.226.31|Chrome|no|2
2012-08-24T23:34:20.799+00:00|1030792152810|193.104.227.215|Internet Explorer|thanks|6
2012-08-24T09:08:28.987+00:00|1030792152811|27.122.45.252|Internet Explorer|About Pope John Paul II, of his predecessAbout Mick Jagger, t the career of |76
2012-08-24T15:12:57.692+00:00|1030792152812|196.29.42.107|Firefox|thanks|6
2012-08-24T09:29:05.710+00:00|1030792152813|27.122.45.252|Internet Explorer|yes|3
2011-08-18T15:52:48.040+00:00|618475292938|203.215.63.48|Firefox|fine|4
2011-08-18T23:38:11.907+00:00|618475292939|203.215.63.48|Firefox|About Hamid Karzai, s selected by promineAbout Carl Linnaeus, rman writer Johann W|82
2011-08-19T22:57:56.642+00:00|618475292940|203.215.63.48|Firefox|thanks|6
2011-08-19T15:39:17.352+00:00|618475292941|203.215.63.48|Firefox|About George Washington, d soldier. Washington quickly bAbout Roman Polanski,  Polanski's |90
2011-08-20T09:30:59.863+00:00|618475292942|203.215.63.48|Firefox|great|5
2011-08-19T05:32:09.992+00:00|618475292943|203.215.63.48|Firefox|roflol|6
2011-11-13T05:59:03.890+00:00|755914246417|203.215.63.48|Firefox|duh|3
2011-11-13T04:12:01.552+00:00|755914246418|203.215.63.48|Firefox|great|5
2011-11-13T01:21:25.775+00:00|755914246419|203.215.63.48|Firefox|fine|4
2011-11-13T01:24:55.256+00:00|755914246420|203.215.63.48|Firefox|no way!|7
2011-11-13T15:46:58.102+00:00|755914246421|203.215.63.48|Firefox|About Hamid Karzai, 001. During the December 2001 InternationaAbout Archbishopric |82
2011-11-14T09:29:58.686+00:00|755914246422|203.215.63.48|Firefox|About Hamid Karzai, tion, Karzai was declared winner and becamAbout Girl from the N|83
2012-07-17T03:12:39.294+00:00|1030792153368|115.186.113.189|Safari|roflol|6
2012-07-17T02:04:56.580+00:00|1030792153369|27.116.33.147|Safari|ok|2
2012-07-17T15:27:26.998+00:00|1030792153370|115.186.113.189|Safari|About Abraham Lincoln, canism, equal rights, liberty, and democrAbout Nymphetamin|81
2012-07-17T20:05:13.879+00:00|1030792153371|203.215.63.48|Firefox|no way!|7
2012-07-17T15:27:49.458+00:00|1030792153372|115.186.113.189|Safari|good|4
2012-07-16T22:31:37.062+00:00|1030792153373|49.206.89.61|Safari|no|2
2011-10-07T12:24:53.211+00:00|687194769695|203.215.63.48|Firefox|About David Cameron,  Kingdom, About Tom Waits, uent songwAbout Alicia Keys, es. The alAbo|90
2011-10-07T12:36:35.246+00:00|687194769696|203.215.63.48|Firefox|no|2
2011-10-08T07:39:59.489+00:00|687194769697|203.215.63.48|Firefox|About Dimitri Tiomkin, ed one of About Charles I of England, ns. CharleAbout I Sho|82
2011-10-08T03:01:54.190+00:00|687194769698|203.215.63.48|Firefox|maybe|5
2011-10-08T16:06:07.147+00:00|687194769699|203.215.63.48|Firefox|thanks|6
2011-10-07T19:15:22.112+00:00|687194769700|203.215.63.48|Firefox|LOL|3
2011-10-07T10:06:29.193+00:00|687194769701|203.215.63.48|Firefox|no|2
2011-10-07T15:36:44.983+00:00|687194769702|203.215.63.48|Firefox|duh|3
2011-10-08T09:05:33.303+00:00|687194769703|46.29.47.244|Firefox|maybe|5
2011-10-07T12:25:40.451+00:00|687194769704|203.215.63.48|Firefox|right|5
2011-10-08T04:21:51.723+00:00|687194769705|203.215.63.48|Firefox|About David Cameron, ative leadersAbout Live in Hyde Park, The Prince's About James Bo|86
2011-10-07T16:53:55.971+00:00|687194769706|203.215.63.48|Firefox|About David Cameron, l of LiverAbout I Should Be So Lucky, om her debAbout Trinidad an|86
2011-10-09T05:30:00.321+00:00|687194769707|203.215.63.48|Firefox|thanks|6
2011-10-08T02:25:55.069+00:00|687194769709|203.215.63.48|Firefox|duh|3
2011-10-07T10:13:36.854+00:00|687194769710|203.215.63.48|Firefox|thanks|6
2011-10-07T21:01:28.054+00:00|687194769711|203.215.63.48|Firefox|About James Brown, n American singer, songwriter, musician, and About Russian Soviet Federative Socialist Republic, f Soviet Socialist|134
2011-10-08T02:04:49.168+00:00|687194769712|203.215.63.48|Firefox|roflol|6
2011-10-07T21:17:00.288+00:00|687194769713|203.215.63.48|Firefox|cool|4
2011-10-07T19:28:35.643+00:00|687194769714|203.215.63.48|Firefox|maybe|5
2011-10-07T21:50:49.540+00:00|687194769715|203.215.63.48|Firefox|right|5
2011-10-08T09:08:22.352+00:00|687194769716|203.215.63.48|Firefox|maybe|5
2011-10-08T15:05:51.369+00:00|687194769717|203.215.63.48|Firefox|I see|5
2011-10-07T16:49:20.119+00:00|687194769718|203.215.63.48|Firefox|maybe|5
2011-10-07T10:24:55.012+00:00|687194769719|203.215.63.48|Firefox|About Dimitri Tiomkin, for his westerns, wheAbout Libya, t HDI in Africa and tAb|80
2011-10-07T16:45:22.729+00:00|687194769720|203.215.63.48|Firefox|cool|4
2011-10-07T10:32:55.847+00:00|687194769721|203.215.63.48|Firefox|LOL|3
2011-09-18T15:16:30.171+00:00|687194769744|41.223.177.12|Safari|roflol|6
2011-09-18T04:15:43.100+00:00|687194769745|41.223.177.12|Safari|cool|4
2011-09-17T22:06:58.348+00:00|687194769746|31.209.42.207|Internet Explorer|ok|2
2011-09-18T02:30:49.615+00:00|687194769747|46.16.191.163|Firefox|yes|3
2011-09-18T02:38:30.583+00:00|687194769748|31.209.42.207|Internet Explorer|good|4
2011-09-18T05:29:46.190+00:00|687194769749|103.1.176.97|Safari|cool|4
2011-09-18T07:28:41.488+00:00|687194769750|31.24.165.15|Firefox|roflol|6
2011-09-17T22:53:23.143+00:00|687194769751|31.209.42.207|Internet Explorer|ok|2
2011-09-18T18:25:19.401+00:00|687194769752|103.1.176.97|Safari|duh|3
2011-09-18T01:57:57.430+00:00|687194769753|24.38.139.231|Firefox|thx|3
2011-09-18T04:44:34.344+00:00|687194769754|31.209.42.207|Internet Explorer|ok|2
2011-09-17T23:57:48.598+00:00|687194769755|41.223.177.12|Safari|roflol|6
2011-09-18T07:37:32.808+00:00|687194769756|27.122.45.252|Internet Explorer|About Pope Benedict XVI, 's redemptive love. He has reaffirmed the impAbout United Kingdo|89
2011-09-18T15:02:04.842+00:00|687194769757|41.223.177.12|Safari|great|5
2011-09-18T12:13:44.431+00:00|687194769758|41.223.177.12|Safari|I see|5
2011-09-17T22:41:49.927+00:00|687194769759|41.203.147.168|Internet Explorer|roflol|6
2011-09-17T22:46:53.541+00:00|687194769760|24.38.139.231|Firefox|About Pope Benedict XVI, ts. Like his predecessor, Benedict XVI is About David,  A|82
2011-09-18T02:25:43.566+00:00|687194769761|31.209.42.207|Internet Explorer|roflol|6
2012-08-25T14:49:04.291+00:00|1030792153460|1.2.2.77|Firefox|About Pope Benedict XVI, lave, celebrated his Papal Inauguration MaAbout Ptolemy, |82
2012-08-25T20:56:44.210+00:00|1030792153461|31.182.127.125|Internet Explorer|About Rihanna, most powerful celebrity in 2012 with earnings About Ptolemy, irst is the as|90
2012-08-25T17:14:50.613+00:00|1030792153462|77.245.239.11|Firefox|cool|4
2012-08-26T08:37:41.144+00:00|1030792153463|49.50.77.195|Firefox|fine|4
2012-06-16T01:18:39.126+00:00|962072676747|49.50.77.195|Firefox|About Pope Benedict XVI, any developed countries. He views relativism'sAbout Suriname, ry)|90
2012-04-18T12:42:38.132+00:00|893353200059|197.220.203.36|Firefox|ok|2
2012-04-18T22:47:33.762+00:00|893353200060|41.223.177.12|Safari|LOL|3
2012-04-19T08:33:08.282+00:00|893353200061|24.244.75.101|Chrome|great|5
2012-04-18T12:05:58.755+00:00|893353200062|31.24.165.15|Firefox|About Pope Benedict XVI, on in which he serves dual roles as Sovereign of the Vatican City State and leader of About Transnistria, Moldova, Transnistria) Joint Control Com|171
2012-02-07T04:55:18.164+00:00|824633723339|27.131.221.93|Internet Explorer|About Giuseppe Garibaldi, n other conflicts in South America. He volunteered and serv|85
2012-02-07T03:53:12.682+00:00|824633723340|202.4.167.190|Chrome|About I Wish I Knew How It Would Feel to Be Free, y Taylor & Dick Dallas, most well known for the recording by Nin|114
2012-02-08T00:16:20.670+00:00|824633723341|27.122.45.252|Internet Explorer|great|5
2012-02-07T03:53:23.434+00:00|824633723342|31.24.165.15|Firefox|ok|2
2012-02-07T12:12:23.062+00:00|824633723343|41.203.147.168|Internet Explorer|About Nagorno-Karabakh Republic, ns diplomatically unrecognised by UN-member states,|84
2012-02-07T03:29:27.898+00:00|824633723344|213.55.109.183|Internet Explorer|right|5
2012-02-07T07:19:17.516+00:00|824633723345|24.38.139.231|Firefox|duh|3
2012-02-07T06:33:37.272+00:00|824633723346|31.209.42.207|Internet Explorer|About John Wesley, for both the modern Methodist movement, the Holiness movement, P|83
2012-02-08T04:41:55.970+00:00|824633723347|41.203.147.168|Internet Explorer|About Giuseppe Garibaldi, rd given to his grandfather by the workAbout Indo-|76
2012-02-07T08:04:53.640+00:00|824633723348|1.2.2.77|Firefox|thx|3
2012-02-08T14:44:30.655+00:00|824633723349|103.1.176.97|Safari|cool|4
2012-02-07T16:45:18.110+00:00|824633723350|27.122.45.252|Internet Explorer|ok|2
2012-02-07T08:03:44.724+00:00|824633723351|31.24.165.15|Firefox|thx|3
2012-02-08T08:04:27.494+00:00|824633723352|41.223.177.12|Safari|LOL|3
2012-07-25T22:19:28.055+00:00|1030792153572|27.4.90.237|Internet Explorer|no|2
2012-07-26T02:34:18.756+00:00|1030792153573|103.1.176.97|Safari|About Pope Benedict XVI, urch. As pope he is regarded as the successor of Saint Peter. About H. P. Lovecraft, s and affair|122
2012-07-26T08:00:33.076+00:00|1030792153574|27.116.34.47|Chrome|no|2
2012-07-26T02:35:07.787+00:00|1030792153575|27.131.221.93|Internet Explorer|About H. P. Lovecraft, non-fiction book Danse Macabre that LoAbout Life on|74
2012-07-26T10:41:41.014+00:00|1030792153576|148.204.226.31|Chrome|roflol|6
2012-07-26T23:25:44.626+00:00|1030792153577|31.192.109.124|Internet Explorer|no|2
2012-07-25T14:23:44.014+00:00|1030792153578|148.204.226.31|Chrome|maybe|5
2012-07-26T02:42:12.823+00:00|1030792153579|192.190.31.253|Chrome|About Try a Little Tenderness, r Riley in the Fox show Glee, Florence + The Machin|82
2012-07-26T06:57:34.581+00:00|1030792153580|49.50.77.195|Firefox|ok|2
2012-07-26T03:32:30.019+00:00|1030792153581|148.204.226.31|Chrome|ok|2
2012-07-26T19:27:04.221+00:00|1030792153582|103.1.176.97|Safari|no|2
2012-07-26T06:13:36.785+00:00|1030792153583|31.192.109.124|Internet Explorer|About H. P. Lovecraft, c horror tale. King has even made it clear inAbout Northern Rhodes|89
2011-09-16T23:49:08.072+00:00|687194769941|41.203.147.168|Internet Explorer|ok|2
2011-12-19T09:23:22.192+00:00|755914246679|103.1.176.97|Safari|About Bishopric of Constance, ative seat of the Prince-Bishop was finally moved t|81
2012-09-08T10:31:55.205+00:00|1030792153669|31.24.165.15|Firefox|no way!|7
2012-09-08T20:55:17.988+00:00|1099511630406|2.103.72.92|Internet Explorer|good|4
2012-09-09T00:14:04.173+00:00|1099511630407|148.204.226.31|Chrome|duh|3
2012-09-09T01:07:49.709+00:00|1099511630408|31.192.109.124|Internet Explorer|thx|3
2012-09-08T10:03:00.036+00:00|1030792153673|192.190.31.253|Chrome|About Saint Pierre and Miquelon, They are 3,819 kilometres from Brest, the near|79
2012-09-08T17:06:13.302+00:00|1099511630410|31.182.127.125|Internet Explorer|About Ray Bradbury, nheit 451 (1953) and for the science fiction stories gathered together as The Martian Chronicles (1950) and T|129
2012-09-09T12:27:20.944+00:00|1099511630411|31.182.127.125|Internet Explorer|yes|3
2012-01-01T19:31:24.191+00:00|755914246733|1.2.2.77|Firefox|no way!|7
2012-01-01T11:39:32.575+00:00|755914246734|31.209.42.207|Internet Explorer|fine|4
2012-01-01T12:15:23.905+00:00|755914246735|27.122.45.252|Internet Explorer|great|5
2012-01-01T15:48:29.537+00:00|755914246736|31.209.42.207|Internet Explorer|About Georg Wilhelm Friedrich Hegel,  or spirit manifested itself in a set o|76
2012-01-01T15:51:49.608+00:00|755914246737|31.24.165.15|Firefox|About Georg Wilhelm Friedrich Hegel, ectic, ethical life and the importance ofAb|80
2012-01-01T20:42:45.855+00:00|755914246738|1.2.2.77|Firefox|About Georg Wilhelm Friedrich Hegel, ilosophy and was an important precursor to ConAbout G|90
2012-01-02T02:11:48.915+00:00|755914246739|27.131.221.93|Internet Explorer|thx|3
2012-01-02T00:00:36.002+00:00|755914246740|31.24.165.15|Firefox|cool|4
2012-01-01T12:08:55.441+00:00|755914246741|27.131.221.93|Internet Explorer|right|5
2012-01-02T01:45:12.049+00:00|755914246742|1.2.2.77|Firefox|About Sudan, c Front, consists of 10,000 active members, with 85,000 reserves. I|80
2012-01-02T10:57:33.205+00:00|755914246743|103.1.176.97|Safari|About Pope Benedict XVI, many Christians engaged in charitable wAbout Spanish|77
2012-01-02T03:58:03.543+00:00|755914246744|41.203.147.168|Internet Explorer|About Sudan, us rebel groups. Sudan now receives most of its military equipment from the People's RepuAbout At Last, , in association with Rediffusion London. Made for Britain's|177
2012-01-01T22:32:59.429+00:00|755914246745|41.223.177.12|Safari|duh|3
2012-01-01T16:10:20.695+00:00|755914246746|27.122.45.252|Internet Explorer|cool|4
2012-07-08T15:04:26.927+00:00|962072676977|192.190.31.253|Chrome|thx|3
2012-07-07T21:07:53.570+00:00|962072676978|189.202.102.202|Firefox|About Claude Debussy, emains one of the most famous and influential of all composers. Hi|88
2012-07-07T21:00:37.192+00:00|962072676979|189.202.102.202|Firefox|About Zine El Abidine Ben Ali, dine Nesrine El Abidine Halima El Abidine Mohamed Zine El Abidine ResideAbout David Lloyd George,  leadership of|143
2011-08-16T12:19:25.525+00:00|618475293305|27.122.45.252|Internet Explorer|About Douglas Adams, , and three stories for the television series Doctor Who. A posthumous collection of his work, including an unfinis|136
2012-09-01T07:33:18.090+00:00|1030792153788|84.242.139.24|Internet Explorer|About Zine El Abidine Ben Ali, saf El Abidine Cyrine El Abidine Nesrine EAbout Sav|82
2012-09-01T10:36:02.862+00:00|1030792153789|196.1.135.241|Internet Explorer|ok|2
2012-09-01T13:19:07.699+00:00|1030792153790|27.116.33.147|Safari|roflol|6
2012-08-31T23:57:26.449+00:00|1030792153791|202.4.167.190|Chrome|About Zine El Abidine Ben Ali, tary School of Saint CyrSchool of AppliAbout R|77
2012-09-01T09:59:05.267+00:00|1030792153792|31.192.109.124|Internet Explorer|About Zine El Abidine Ben Ali, uiba Preceded by Rachid Sfar Succeeded byAbout Bri|81
2012-09-01T02:03:14.396+00:00|1030792153793|31.192.109.124|Firefox|maybe|5
2012-09-01T10:33:11.655+00:00|1030792153794|91.223.132.248|Internet Explorer|thx|3
2012-08-31T21:59:54.758+00:00|1030792153795|31.209.42.207|Internet Explorer|thx|3
2012-09-02T09:04:53.402+00:00|1030792153796|31.185.10.92|Internet Explorer|About Zine El Abidine Ben Ali, oodless coup d'état that ousted PresidentAbout Jo|80
2012-09-01T13:52:02.969+00:00|1030792153797|193.104.227.215|Internet Explorer|no way!|7
2012-09-06T23:07:52.096+00:00|1030792153855|49.50.77.195|Firefox|good|4
2012-09-06T23:32:37.265+00:00|1030792153856|46.154.44.101|Firefox|LOL|3
2012-09-07T17:58:41.554+00:00|1030792153857|91.223.132.248|Internet Explorer|maybe|5
2012-09-06T22:47:21.244+00:00|1030792153858|46.154.44.101|Firefox|no way!|7
2012-09-06T23:05:03.786+00:00|1030792153859|46.154.44.101|Firefox|About In Bloom, t music video for an early version of In Bloom in 1990; however the song |89
2012-09-07T13:57:09.601+00:00|1030792153860|31.170.121.115|Internet Explorer|fine|4
2012-09-07T05:51:49.779+00:00|1030792153861|31.192.109.124|Internet Explorer|cool|4
2012-09-07T15:21:58.920+00:00|1030792153862|41.188.97.221|Internet Explorer|good|4
2012-09-06T22:42:22.633+00:00|1030792153863|27.116.33.147|Safari|About Nicolas Sarkozy, r president, Sarkozy is entitled to de jure membersh|75
2012-09-07T17:31:02.977+00:00|1030792153864|196.29.42.107|Firefox|no way!|7
2012-09-06T23:05:59.344+00:00|1030792153865|41.203.147.168|Internet Explorer|cool|4
2012-09-06T23:40:55.697+00:00|1030792153866|196.1.135.241|Internet Explorer|About Mercosur,  Argentina, Brazil, Paraguay and Uruguay – and 9 from applying membe|84
2012-09-06T23:48:43.744+00:00|1030792153867|193.104.227.215|Internet Explorer|About A Day in the Life, he song comprises distinct segments written independ|77
2012-09-06T23:36:38.596+00:00|1030792153868|192.190.31.253|Chrome|About Zine El Abidine Ben Ali, Hédi BaccoucheHamed KarouiMohamed Ghannouchi Preceded by Habib Bourguiba SucceededAbout Afghanistan,  and asylum seekers. While the |163
2012-09-07T05:18:22.790+00:00|1030792153869|196.29.42.107|Firefox|good|4
2012-09-06T23:38:33.050+00:00|1030792153870|193.104.227.215|Internet Explorer|About Afghanistan,  power in 1747. In the late 19th centuAbout The Wheels |74
2012-09-07T00:16:17.589+00:00|1030792153871|203.215.63.48|Firefox|no way!|7
2012-04-24T19:10:33.512+00:00|893353200418|31.41.169.140|Chrome|About Guatemala,  city is located at 14°38′N 90°33′W﻿ / ﻿14.633°N 90.55°W﻿ / 14.63|82
2012-04-25T03:49:33.629+00:00|893353200419|1.2.2.77|Firefox|About Guatemala, ala and Central America. It is also the caAbout Netherlands, King|82
2012-04-25T00:47:05.323+00:00|893353200420|31.24.165.15|Firefox|yes|3
2012-04-24T18:25:20.542+00:00|893353200421|46.154.44.101|Firefox|About Zine El Abidine Ben Ali, 'ima el-Kafy (1964–1988), Leïla Ben AlAbout |75
2012-04-24T20:32:51.444+00:00|893353200422|1.29.220.142|Chrome|About Gibraltar,  and 493 km north of Sydney. The Park is part of the Washpool and Gibralt|90
2012-04-25T11:31:39.864+00:00|893353200423|31.41.169.140|Chrome|yes|3
2012-04-25T02:10:52.777+00:00|893353200424|202.4.167.190|Chrome|no way!|7
2012-04-24T18:25:30.936+00:00|893353200425|31.24.165.15|Firefox|maybe|5
2012-04-25T17:40:53.394+00:00|893353200426|1.29.220.142|Chrome|About Gloria Macapagal-Arroyo, cs at Ateneo de Manila University where Benigno Aquin|84
2012-04-24T18:33:48.879+00:00|893353200427|27.131.221.93|Internet Explorer|About Zine El Abidine Ben Ali, l figure who was the secondAbout Theodore Rooseve|80
2012-04-24T21:19:58.899+00:00|893353200428|1.29.220.142|Chrome|About Gibraltar, stralia inscribed in 1986 and added to the AAbout Ayyubid dynasty,  i|86
2012-04-25T04:28:58.683+00:00|893353200429|27.131.221.93|Internet Explorer|cool|4
2012-04-24T19:36:56.873+00:00|893353200430|193.104.227.215|Internet Explorer|About Zine El Abidine Ben Ali, as declared incompetent. Ben Ali was subAbout El|79
2012-04-24T18:32:03.648+00:00|893353200431|31.209.42.207|Internet Explorer|About Merry Christmas Darling, hristmas Portrait album, which contained a ne|76
2012-04-24T19:37:58.019+00:00|893353200432|27.131.221.93|Internet Explorer|great|5
2012-04-24T20:04:41.750+00:00|893353200433|31.24.165.15|Firefox|About Zine El Abidine Ben Ali, of Tunisia from 1987 to 2011. Ben Ali was About Just|83
2012-04-24T22:58:52.508+00:00|893353200434|190.2.92.23|Chrome|LOL|3
2012-04-24T20:33:02.307+00:00|893353200435|193.104.227.215|Internet Explorer|About Titian, an's artistic manner changed drastically but he retained a lifelonAbout Gibraltar, nes and 493 km north of Sydney. Th|131
2012-08-09T01:33:59.249+00:00|1030792154030|49.206.89.61|Safari|no way!|7
2012-08-08T08:05:05.406+00:00|1030792154031|41.188.97.221|Internet Explorer|no|2
2012-08-09T03:16:19.087+00:00|1030792154032|202.4.167.190|Chrome|great|5
2012-08-08T08:15:55.889+00:00|1030792154033|49.206.89.61|Safari|About Whitney Houston,  the only female artist to have two number-one Billboard |80
2012-08-08T16:02:32.309+00:00|1030792154034|31.41.169.140|Chrome|thx|3
2012-08-08T14:18:14.848+00:00|1030792154035|1.29.220.142|Chrome|LOL|3
2012-08-09T03:30:09.208+00:00|1030792154036|31.192.109.124|Internet Explorer|great|5
2012-08-08T15:20:32.091+00:00|1030792154037|49.206.89.61|Safari|About Zine El Abidine Ben Ali, e and his wife were sentenced in absentia to About Everyth|89
2012-08-08T08:16:05.889+00:00|1030792154038|1.2.2.77|Firefox|About Here It Goes Again, the compilation album Now 23. It remains the band's only single to chart on the Billboard Hot 100, where it entered the |146
2012-08-08T08:22:55.230+00:00|1030792154039|62.168.157.179|Internet Explorer|Country Grammar is the debut studio album by American rapper Nelly. It was release|82
2012-08-08T18:28:20.238+00:00|1030792154040|202.4.167.190|Chrome|About Whitney Houston, , the Guinness World Records cited her as About Kingdom of |82
2012-08-08T09:03:04.788+00:00|1030792154041|203.215.63.48|Firefox|About Making Your Mind Up, up Bucks Fizz. It was the winner of the 1981 Eurovision Song |88
2012-08-08T10:34:20.623+00:00|1030792154042|77.245.239.11|Firefox|right|5
2012-07-20T20:19:29.792+00:00|1030792154046|193.104.227.215|Internet Explorer|LOL|3
2012-07-20T19:51:09.896+00:00|1030792154047|31.41.169.140|Chrome|LOL|3
2012-07-20T17:19:39.343+00:00|1030792154048|186.64.7.5|Firefox|I see|5
2012-07-20T15:50:59.163+00:00|1030792154049|31.24.165.15|Firefox|yes|3
2012-07-20T15:46:25.435+00:00|1030792154050|77.245.239.11|Firefox|no way!|7
2012-07-20T23:33:27.020+00:00|1030792154051|41.188.97.221|Internet Explorer|thanks|6
2012-07-20T18:19:39.233+00:00|1030792154052|186.64.7.5|Firefox|About Zine El Abidine Ben Ali, f Applied ArtillerySenior Intelligence School About George |90
2012-07-20T18:42:15.470+00:00|1030792154053|31.170.121.115|Internet Explorer|thanks|6
2012-07-21T01:50:17.327+00:00|1030792154054|31.24.165.15|Firefox|About George Gershwin, ith Rubin Goldmark and Henry Cowell. HeAbout Happines|76
2012-07-21T11:14:52.772+00:00|1030792154055|203.215.63.48|Firefox|About Happiness Is a Warm Gun, ble-disc album The Beatles, also known as The White Album. It is a John Lennon compositiAbout Trinidad and Tobago,  Reserves, which all fall und|175
2012-07-21T11:42:01.028+00:00|1030792154056|196.29.42.107|Internet Explorer|fine|4
2012-07-22T03:29:23.663+00:00|1030792154057|46.154.44.101|Firefox|no way!|7
2012-07-21T02:10:37.232+00:00|1030792154058|196.29.42.107|Firefox|no|2
2012-07-20T18:31:44.756+00:00|1030792154059|49.50.77.195|Firefox|About Honey Chile, n) Honey Chile is a 1967 single by Motown girl group Martha |79
2012-07-21T02:19:53.570+00:00|1030792154060|49.50.77.195|Firefox|About George Gershwin, in's compositions spanned both popular aAbout Sarah Vaug|79
2012-07-21T00:14:23.222+00:00|1030792154061|203.215.63.48|Firefox|thanks|6
2012-07-21T06:16:12.798+00:00|1030792154062|31.182.127.125|Internet Explorer|cool|4
2012-07-21T02:14:22.435+00:00|1030792154063|186.64.7.5|Firefox|About My Name Is Prince, ght, it is interesting to note that he changed his s|77
2012-05-04T14:54:35.957+00:00|893353200627|41.188.97.221|Internet Explorer|duh|3
2012-05-04T14:31:00.710+00:00|893353200628|31.41.169.140|Chrome|great|5
2012-05-04T14:15:27.854+00:00|893353200629|202.4.167.190|Chrome|I see|5
2012-03-01T05:27:42.350+00:00|824633723895|46.154.44.101|Firefox|yes|3
2012-03-01T15:24:00.340+00:00|824633723896|46.154.44.101|Firefox|About Lyndon B. Johnson,  President, he was responsible for designing the Great Society|87
2012-03-01T05:36:36.853+00:00|824633723897|49.206.89.61|Safari|duh|3
2012-03-01T20:13:49.504+00:00|824633723898|202.4.167.190|Chrome|thx|3
2012-03-02T09:22:38.215+00:00|824633723899|49.206.89.61|Safari|I see|5
2012-03-01T05:16:23.006+00:00|824633723900|46.154.44.101|Firefox|About Zine El Abidine Ben Ali, ol of Saint CyrSchool of Applied ArtillerAbout As|80
2012-03-01T15:26:12.716+00:00|824633723901|27.131.221.93|Internet Explorer|right|5
2012-03-01T13:28:20.861+00:00|824633723902|49.206.89.61|Safari|no way!|7
2012-03-01T20:49:18.182+00:00|824633723903|27.131.221.93|Internet Explorer|About Zine El Abidine Ben Ali, uiba Succeeded by Mohamed Ghannouchi Prime About Slove|85
2012-03-02T03:50:12.600+00:00|824633723904|27.131.221.93|Internet Explorer|About Lyndon B. Johnson,  election. Johnson was greatly supported bAbout Napoleon |82
2012-03-02T04:23:14.791+00:00|824633723905|46.154.44.101|Firefox|maybe|5
2012-03-01T17:23:04.708+00:00|824633723906|27.131.221.93|Internet Explorer|no|2
2012-03-02T03:30:55.959+00:00|824633723907|46.154.44.101|Firefox|roflol|6
2012-03-02T08:16:31.939+00:00|824633723908|49.206.89.61|Safari|About Smells Like Teen Spirit, e the main four-chord riff is used durAbout |75
2012-03-01T02:32:10.796+00:00|824633723909|49.206.89.61|Safari|I see|5
2012-03-02T00:13:44.809+00:00|824633723910|202.4.167.190|Chrome|great|5
2012-03-02T08:20:05.036+00:00|824633723911|49.206.89.61|Safari|About Dante Alighieri, poet, prose writer, literary theorist, moral About Smells Like Tee|89
2012-07-14T22:26:41.773+00:00|1030792154126|77.245.239.11|Firefox|great|5
2012-07-14T20:54:21.024+00:00|1030792154127|31.192.109.124|Internet Explorer|maybe|5
2012-07-14T20:59:51.696+00:00|1030792154128|202.4.167.190|Chrome|About Zine El Abidine Ben Ali, rime Minister of Tunisia In office2 OctAbout T|77
2012-07-15T03:31:21.150+00:00|1030792154129|196.29.42.107|Firefox|ok|2
2012-07-15T14:30:16.066+00:00|1030792154130|1.2.2.77|Firefox|maybe|5
2012-07-14T21:00:20.092+00:00|1030792154131|186.64.7.5|Firefox|fine|4
2012-07-14T23:15:16.945+00:00|1030792154132|1.29.220.142|Chrome|no way!|7
2012-07-15T02:42:57.514+00:00|1030792154133|1.88.156.174|Internet Explorer|About Sarah Palin, cket of a major party and first Republican woman nominated for the vice presidency. Her|106
2012-07-15T04:18:49.622+00:00|1030792154134|77.245.239.11|Firefox|About Sarah Palin, s considered a potential candidate for thAbout Dreamgirls: Mu|80
2012-07-15T11:20:59.793+00:00|1030792154135|31.209.42.207|Internet Explorer|roflol|6
2012-07-17T13:42:37.168+00:00|1030792154137|196.29.42.107|Firefox|About Michel Foucault, storian of ideas. He held a chair at the ColAbout Zine El Abidi|86
2012-07-17T08:12:32.663+00:00|1030792154138|91.223.132.248|Internet Explorer|thx|3
2012-07-17T04:54:13.995+00:00|1030792154139|31.41.169.140|Chrome|no way!|7
2012-07-17T07:20:22.727+00:00|1030792154140|1.29.220.142|Chrome|no|2
2012-07-18T05:17:07.829+00:00|1030792154141|91.223.132.248|Internet Explorer|roflol|6
2012-07-17T18:01:38.540+00:00|1030792154142|31.209.42.207|Internet Explorer|ok|2
2012-07-17T15:01:48.653+00:00|1030792154143|31.192.109.124|Internet Explorer|great|5
2012-07-17T18:32:37.707+00:00|1030792154144|112.121.120.199|Internet Explorer|About Zine El Abidine Ben Ali,  against his rule, he was forced to flee to SaAbout David H|90
2012-07-17T05:07:26.790+00:00|1030792154145|1.29.220.142|Chrome|thx|3
2012-08-07T02:56:44.575+00:00|1030792154157|1.88.156.174|Internet Explorer|About Zine El Abidine Ben Ali, n Ali and their three children. The interimAbout Who |84
2012-08-06T23:28:36.490+00:00|1030792154158|31.24.165.15|Firefox|About Laurence Olivier, a, Stanley Kubrick's Spartacus, Otto Preminger's Bunny Lake |84
2012-08-07T18:51:17.505+00:00|1030792154159|46.154.44.101|Firefox|About Paul Simon, Troubled Water. The duo split up in 1970 at the height of |76
2012-08-06T20:43:09.282+00:00|1030792154160|91.191.192.127|Firefox|fine|4
2012-08-08T00:14:26.301+00:00|1030792154161|31.182.127.125|Internet Explorer|About British Empire, able and populous possession, achieved independence two yea|81
2012-08-06T23:30:08.836+00:00|1030792154162|180.222.139.188|Internet Explorer|About Charlie Chaplin, uenced by his predecessor, the French silent About Laurence Olivi|88
2012-08-08T02:00:58.970+00:00|1030792154163|196.29.42.107|Firefox|I see|5
2012-08-07T08:08:26.835+00:00|1030792154164|49.50.77.195|Firefox|About Count Three & Pray,  Pray is the fourth studio album by the New Wave band Berlin, re|90
2012-08-08T00:47:56.959+00:00|1030792154165|31.209.42.207|Internet Explorer|fine|4
2012-08-08T00:00:25.303+00:00|1030792154166|41.188.97.221|Internet Explorer|About Paul Simon, l Hall of Fame and in 2006 was selected as oAbout Indo-Greeks, e, Pt|86
2012-08-08T00:42:55.193+00:00|1030792154167|148.204.226.31|Chrome|maybe|5
2012-08-07T09:33:39.320+00:00|1030792154168|31.182.127.125|Internet Explorer|About Count Three & Pray, ourth studio album by the New Wave band BeAbout Where Do|82
2012-08-08T00:15:23.587+00:00|1030792154169|91.223.132.248|Internet Explorer|no way!|7
2012-08-07T08:11:19.583+00:00|1030792154170|31.41.169.140|Chrome|About Count Three & Pray, rth studio album by the New Wave band BerAbout Saint He|81
2012-08-08T01:17:46.315+00:00|1030792154171|91.223.132.248|Internet Explorer|duh|3
2012-09-02T16:16:26.918+00:00|1030792154173|31.192.109.124|Internet Explorer|About Zine El Abidine Ben Ali, ue an international arrest warrant, chaAbout |76
2012-09-02T17:01:05.498+00:00|1030792154174|27.131.221.93|Internet Explorer|duh|3
2012-09-02T18:35:55.894+00:00|1030792154175|103.1.176.97|Safari|roflol|6
2012-09-02T22:45:59.313+00:00|1030792154176|202.4.167.190|Chrome|About Aristotle,  object of active academic study today. ThougAbout Palau, Imperial Germ|88
2012-09-02T18:16:33.520+00:00|1030792154177|189.202.102.202|Firefox|About We Are the World, ty all-time singles to have sold 10 million (or more) copies worldwide. Following Band Aid's Do They Know It's Christmas? project in the UK, an idea for the c|182
2012-09-02T16:16:48.415+00:00|1030792154178|77.245.239.11|Firefox|fine|4
2012-09-02T15:42:44.695+00:00|1030792154179|27.116.33.147|Safari|About Zine El Abidine Ben Ali, ater Special Military School of Saint About|74
2012-09-02T18:19:10.321+00:00|1030792154180|202.4.167.190|Chrome|About We Are the World, working together, the duo completed the writinAbout Uzbekistan,  f|90
2012-09-03T05:02:06.685+00:00|1030792154181|41.188.97.221|Internet Explorer|I see|5
2012-09-02T21:49:58.800+00:00|1030792154182|148.204.226.31|Chrome|duh|3
2012-09-03T16:01:14.068+00:00|1030792154183|196.1.135.241|Internet Explorer|About We Are the World, from the record aided survivors in the impovAbout River Deep –|86
2012-09-02T15:43:25.510+00:00|1030792154184|31.24.165.15|Firefox|LOL|3
2012-09-02T18:56:58.487+00:00|1030792154185|31.41.169.140|Chrome|I see|5
2012-09-02T18:54:11.525+00:00|1030792154186|31.41.169.140|Chrome|no way!|7
2012-09-02T18:27:28.686+00:00|1030792154187|1.29.220.142|Chrome|ok|2
2012-09-03T19:43:23.133+00:00|1030792154188|1.2.2.77|Firefox|About John, King of England, rds. Historian Jim Bradbury has summarised thAbout River Dee|89
2012-09-03T22:00:28.117+00:00|1030792154189|202.4.167.190|Chrome|About Saint Helena, n Island and the islands of Tristan da Cunha. Saint Helena measures about 16 by 8 kilomeAbout River Deep – Mountain High, r. Considered by producer Phil Sp|175
2012-09-02T21:58:03.206+00:00|1030792154190|192.190.31.253|Chrome|cool|4
2012-09-01T07:47:03.782+00:00|1030792154206|49.50.77.195|Firefox|right|5
2012-09-01T17:15:05.084+00:00|1030792154207|115.186.113.189|Safari|maybe|5
2012-09-01T14:24:54.208+00:00|1030792154208|31.24.165.15|Firefox|no|2
2012-09-01T12:04:25.948+00:00|1030792154209|103.1.176.97|Safari|About Zine El Abidine Ben Ali,  Spouse(s) Na'ima el-Kafy (1964–1988), LeïAbout Pope|83
2012-09-01T12:12:07.352+00:00|1030792154210|1.2.2.77|Firefox|About Jacques Chirac, ench Republic. Chirac's internal policies included lower tax |83
2012-09-01T15:53:59.339+00:00|1030792154211|202.4.167.190|Chrome|About Giuseppe Garibaldi, Garibaldi again served with the Greek AAbout Pope G|77
2012-09-01T15:36:29.995+00:00|1030792154212|77.245.239.11|Firefox|no|2
2012-09-01T18:44:04.800+00:00|1030792154213|49.206.89.61|Safari|fine|4
2012-09-01T15:35:47.703+00:00|1030792154214|115.186.113.189|Safari|About 19th Nervous Breakdown, ver, it hit #1 in the NME chart and the BBC's P|77
2012-09-01T17:49:11.598+00:00|1030792154215|196.1.135.241|Internet Explorer|I see|5
2012-09-01T23:00:54.721+00:00|1030792154216|27.116.33.147|Safari|good|4
2012-09-01T12:18:22.148+00:00|1030792154217|31.209.42.207|Internet Explorer|thanks|6
2012-09-01T16:32:10.551+00:00|1030792154218|49.206.89.61|Safari|About Teaser and the Firecat,  also the title of a children's book written and illus|84
2012-09-01T20:17:22.203+00:00|1030792154219|91.223.132.248|Internet Explorer|yes|3
2012-09-02T08:14:29.408+00:00|1030792154220|77.245.239.11|Firefox|cool|4
2012-09-01T12:14:57.371+00:00|1030792154221|91.191.192.127|Firefox|fine|4
2012-09-02T11:11:29.094+00:00|1030792154222|200.0.164.110|Firefox|LOL|3
2012-02-21T19:23:28.584+00:00|824633724016|46.154.44.101|Firefox|yes|3
2012-02-21T15:09:34.655+00:00|824633724017|202.4.167.190|Chrome|roflol|6
2012-02-21T21:14:47.689+00:00|824633724018|49.206.89.61|Safari|About Francis of Assisi, rder of Poor CAbout Ricky Martin, r known as RicAbout De|81
2012-02-21T16:38:17.980+00:00|824633724019|49.206.89.61|Safari|About Michel Foucault, history of human About Francis of Assisi, rited life typicaAbout Francisco Franco, lved the Spanish About Paradorn Srichaphan,  |151
2012-02-21T06:23:06.406+00:00|824633724020|46.154.44.101|Firefox|great|5
2012-02-22T01:34:04.772+00:00|824633724021|202.4.167.190|Chrome|About Raphael, as Father RaphAbout Moldova,  and a prime mAbout Upside Down, al|79
2012-02-22T14:08:05.703+00:00|824633724022|202.4.167.190|Chrome|fine|4
2012-02-21T16:42:58.632+00:00|824633724023|202.4.167.190|Chrome|no way!|7
2012-02-22T03:42:48.008+00:00|824633724024|46.154.44.101|Firefox|yes|3
2012-02-21T17:35:30.542+00:00|824633724025|46.154.44.101|Firefox|fine|4
2012-02-22T07:14:12.796+00:00|824633724026|49.206.89.61|Safari|cool|4
2012-02-21T05:57:08.578+00:00|824633724027|190.6.166.171|Firefox|About Nicolas Sarkozy, t communes About Francis of Assisi, founded theAbou|74
2012-02-22T01:56:39.810+00:00|824633724028|202.4.167.190|Chrome|About Socrates, fe except whaAbout Francis of Assisi, s, and soon aAbout P|74
2012-02-22T14:15:03.897+00:00|824633724029|46.154.44.101|Firefox|cool|4
2012-02-22T16:49:45.748+00:00|824633724030|49.206.89.61|Safari|roflol|6
2012-02-21T12:45:11.704+00:00|824633724032|46.154.44.101|Firefox|no way!|7
2012-02-21T16:52:47.818+00:00|824633724033|49.206.89.61|Safari|LOL|3
2012-02-21T17:58:23.170+00:00|824633724034|49.206.89.61|Safari|right|5
2012-02-22T04:13:42.111+00:00|824633724035|202.4.167.190|Chrome|great|5
2012-02-22T03:11:51.034+00:00|824633724036|46.154.44.101|Firefox|About Paradorn Srichaphan, essional tennis player from TAbout Antichrist Superstar, |84
2012-02-21T12:41:52.288+00:00|824633724037|49.206.89.61|Safari|About Paradorn Srichaphan, ธุ์; born 14 June 1979) is a rAbout Save the Best for Last, ly|89
2012-02-21T15:01:30.341+00:00|824633724038|46.154.44.101|Firefox|roflol|6
2012-02-21T13:29:56.356+00:00|824633724039|202.4.167.190|Chrome|yes|3
2012-02-21T18:05:27.937+00:00|824633724040|202.4.167.190|Chrome|I see|5
2012-02-21T22:13:01.296+00:00|824633724041|46.154.44.101|Firefox|cool|4
2012-02-22T00:12:43.703+00:00|824633724042|202.4.167.190|Chrome|yes|3
2012-02-21T12:42:18.387+00:00|824633724043|46.154.44.101|Firefox|good|4
2012-02-22T05:50:50.112+00:00|824633724044|46.154.44.101|Firefox|fine|4
2012-02-22T03:43:28.198+00:00|824633724045|49.206.89.61|Safari|fine|4
2012-02-22T02:47:48.542+00:00|824633724046|49.206.89.61|Safari|I see|5
2012-02-21T05:03:39.630+00:00|824633724048|49.206.89.61|Safari|maybe|5
2012-02-21T04:41:19.376+00:00|824633724049|202.4.167.190|Chrome|great|5
2012-02-21T06:24:33.955+00:00|824633724050|49.206.89.61|Safari|good|4
2012-02-22T00:22:44.938+00:00|824633724051|49.206.89.61|Safari|thanks|6
2012-02-21T23:47:48.302+00:00|824633724052|46.154.44.101|Firefox|thanks|6
2012-02-21T03:35:04.134+00:00|824633724053|46.154.44.101|Firefox|duh|3
2012-02-22T14:48:01.261+00:00|824633724055|49.206.89.61|Safari|Rudyard Kipling's WorksAbout Ovid,  Faciei FAbout Béla Bartók, nd analytAbout Paradorn Sr|89
2012-02-22T20:09:27.847+00:00|824633724056|46.154.44.101|Firefox|About Richard II of England, next two Rudyard Kipling's WorksAbout Paradorn Srichaphan,  |89
2012-02-22T23:34:08.758+00:00|824633724057|202.4.167.190|Chrome|maybe|5
2012-02-22T21:49:58.761+00:00|824633724058|202.4.167.190|Chrome|maybe|5
2012-02-22T18:57:48.019+00:00|824633724059|49.206.89.61|Safari|no|2
2012-02-22T15:10:39.902+00:00|824633724060|46.154.44.101|Firefox|fine|4
2012-02-20T19:02:45.467+00:00|824633724062|202.4.167.190|Chrome|I see|5
2012-02-20T07:40:45.328+00:00|824633724063|49.206.89.61|Safari|right|5
2012-02-20T20:22:33.185+00:00|824633724064|46.154.44.101|Firefox|no way!|7
2012-02-20T08:10:21.543+00:00|824633724065|202.4.167.190|Chrome|About Paradorn Srichaphan, chaphan (About Dizzy Gillespie, f all timAbout F|75
2012-02-20T13:22:18.826+00:00|824633724066|46.154.44.101|Firefox|roflol|6
2012-02-21T05:33:25.163+00:00|824633724067|202.4.167.190|Chrome|maybe|5
2012-02-22T16:16:35.879+00:00|824633724069|49.206.89.61|Safari|About Jawaharlal Nehru, and ’40s. NeAbout Salvador Dalí, ors were desAbout Parad|80
2012-02-23T14:26:48.450+00:00|824633724070|46.154.44.101|Firefox|no|2
2012-02-22T17:44:32.204+00:00|824633724071|46.154.44.101|Firefox|roflol|6
2012-02-21T18:53:30.520+00:00|824633724072|49.206.89.61|Safari|no way!|7
2012-02-22T16:17:18.337+00:00|824633724073|202.4.167.190|Chrome|About Muhammad Ali Jinnah, sion Plan JinnaAbout Paradorn Srichaphan, yer from ThailaAbo|87
2012-02-21T19:03:34.733+00:00|824633724074|49.206.89.61|Safari|About Michelangelo, d two of theAbout Paradorn Srichaphan, . His nicknaAbout |77
2012-08-15T12:23:52.750+00:00|1030792154881|31.170.121.115|Internet Explorer|right|5
2012-08-15T13:52:54.202+00:00|1030792154882|31.170.121.115|Internet Explorer|About Fidel Castro, First Secretary of the newly About Ted Kennedy, ther of President |86
2012-08-15T14:11:11.814+00:00|1030792154883|192.190.31.253|Chrome|no|2
2012-08-15T13:14:19.300+00:00|1030792154884|41.188.97.221|Internet Explorer|great|5
2012-08-16T00:21:46.487+00:00|1030792154885|31.192.109.124|Internet Explorer|LOL|3
2012-08-15T20:32:13.688+00:00|1030792154886|148.204.226.31|Chrome|good|4
2012-08-15T14:35:56.655+00:00|1030792154887|186.64.7.5|Firefox|About Fidel Castro, , being lauded as a champion About Ted Kennedy, esident John F. Ke|86
2012-08-16T08:41:55.474+00:00|1030792154888|148.204.226.31|Chrome|yes|3
2012-08-15T17:51:20.220+00:00|1030792154889|192.190.31.253|Chrome|About Fidel Castro, ncil of MinistersAbout Charles Darwin, Northern TerritorAbout |82
2012-08-15T13:53:09.278+00:00|1030792154890|31.41.169.140|Chrome|no|2
2012-08-15T20:42:19.245+00:00|1030792154891|41.203.147.168|Internet Explorer|good|4
2012-08-15T11:00:43.346+00:00|1030792154892|49.206.89.61|Safari|maybe|5
2012-08-15T17:04:26.485+00:00|1030792154893|31.192.109.124|Internet Explorer|I see|5
2012-08-15T11:29:40.524+00:00|1030792154894|148.204.226.31|Chrome|About Fidel Castro, hrown; to this end he led About Ted Kennedy, brother of |76
2012-08-15T15:10:37.337+00:00|1030792154895|31.209.42.207|Internet Explorer|duh|3
2012-08-16T09:32:08.946+00:00|1030792154896|31.209.42.207|Internet Explorer|fine|4
2012-04-16T17:39:21.646+00:00|893353201426|91.223.132.248|Internet Explorer|About Jimi Hendrix, ears active 1963–197About Warren G. Harding, Theodore Roo|77
2012-04-17T06:57:26.581+00:00|893353201427|31.41.169.140|Chrome|no|2
2012-04-16T21:08:49.409+00:00|893353201428|31.209.42.207|Internet Explorer|About Warren G. Harding, . Also, the VeteraAbout I Just Called to Say I Love You, en, |86
2012-04-17T09:47:55.570+00:00|893353201429|31.192.109.124|Internet Explorer|roflol|6
2012-04-16T11:07:35.452+00:00|893353201430|41.203.147.168|Internet Explorer|About Fidel Castro, he hope of toppling world capitalism, tAbout 50 Ways to Leave Your Lover,  by Patti Austin, Vale|116
2012-04-16T17:51:25.519+00:00|893353201431|31.192.109.124|Internet Explorer|fine|4
2012-04-16T12:31:41.187+00:00|893353201432|41.203.147.168|Internet Explorer|no way!|7
2012-04-16T11:20:46.594+00:00|893353201433|31.41.169.140|Chrome|About Richard Rodgers,  first person to win what are considered the top show business awards in television, recordiAbout Latin Empire,  over the other Latin powers that had been estab|183
2012-04-16T16:20:49.471+00:00|893353201434|91.223.132.248|Internet Explorer|thanks|6
2012-04-17T09:51:53.290+00:00|893353201435|31.209.42.207|Internet Explorer|About Richard Rodgers, Hammerstein II. His compositions have hadAbout Paket aranž|81
2012-04-16T11:52:28.329+00:00|893353201436|49.206.89.61|Safari|fine|4
2012-04-17T11:04:19.858+00:00|893353201437|91.223.132.248|Internet Explorer|no|2
2012-04-17T17:01:50.126+00:00|893353201438|91.223.132.248|Internet Explorer|About Richard Rodgers,  Rodgers was the first persAbout The Rolling Stones No. 2|80
2012-04-16T21:09:16.094+00:00|893353201439|31.192.109.124|Internet Explorer|yes|3
2012-04-16T20:44:58.078+00:00|893353201440|91.223.132.248|Internet Explorer|About Nicholas II of Russia, ious groups tied to tAbout Jimi Hendrix, ial success |82
2012-04-18T09:39:57.380+00:00|893353201441|49.206.89.61|Safari|About George I of Great Britain, 1714 until his death,About Richard Rodgers, the l|82
2011-11-17T17:55:28.559+00:00|755914247971|91.223.132.248|Internet Explorer|great|5
2011-11-17T07:30:17.814+00:00|755914247972|91.223.132.248|Internet Explorer|About Early modern France, the French Revolution). During this period France evolve|83
2011-11-18T05:19:36.774+00:00|755914247973|91.223.132.248|Internet Explorer|roflol|6
2011-11-17T11:03:15.454+00:00|755914247974|91.223.132.248|Internet Explorer|right|5
2011-11-17T07:46:23.733+00:00|755914247975|91.223.132.248|Internet Explorer|About Fidel Castro, ocialist reforms implemented in all areas of society. On the About Kenny Rogers, er-songwriter, photo|121
2011-11-17T11:54:06.686+00:00|755914247976|91.223.132.248|Internet Explorer|cool|4
2011-11-17T07:51:12.457+00:00|755914247977|91.223.132.248|Internet Explorer|fine|4
2011-11-17T03:30:00.132+00:00|755914247978|91.223.132.248|Internet Explorer|ok|2
2011-11-17T02:03:02.882+00:00|755914247979|91.223.132.248|Internet Explorer|good|4
2011-11-17T12:13:28.648+00:00|755914247980|91.223.132.248|Internet Explorer|fine|4
2011-11-17T09:45:39.519+00:00|755914247981|91.223.132.248|Internet Explorer|duh|3
2011-11-17T07:54:27.958+00:00|755914247982|91.223.132.248|Internet Explorer|thx|3
2011-11-17T23:21:02.697+00:00|755914247983|91.223.132.248|Internet Explorer|About Maurice Ravel, d Trade Organization), Ravel's works hAbout Early mode|75
2011-11-18T02:14:17.431+00:00|755914247984|91.223.132.248|Internet Explorer|I see|5
2011-11-17T15:32:53.299+00:00|755914247985|91.223.132.248|Internet Explorer|cool|4
2011-11-17T20:14:06.027+00:00|755914247986|91.223.132.248|Internet Explorer|LOL|3
2012-06-05T19:14:37.194+00:00|962072678196|41.203.147.168|Internet Explorer|no way!|7
2012-06-05T13:52:42.173+00:00|962072678197|91.223.132.248|Internet Explorer|no|2
2012-06-05T04:19:27.120+00:00|962072678198|46.154.44.101|Firefox|thanks|6
2012-06-05T03:45:27.717+00:00|962072678199|49.206.89.61|Safari|good|4
2012-06-05T03:33:09.108+00:00|962072678200|148.204.226.31|Chrome|thx|3
2012-06-05T12:57:08.065+00:00|962072678201|200.12.156.88|Firefox|About Fidel Castro, he party's foundation in 1961 until 2011. PAbout Le Corbusier, en|85
2012-06-05T04:43:32.930+00:00|962072678202|41.203.147.168|Internet Explorer|cool|4
2012-06-06T11:17:37.054+00:00|962072678203|91.223.132.248|Internet Explorer|About Fidel Castro,  and friend Che Guevara, assAbout Le Corbusier, rom the name o|82
2012-06-05T22:43:40.376+00:00|962072678204|31.209.42.207|Internet Explorer|cool|4
2012-06-05T03:52:35.267+00:00|962072678205|31.192.109.124|Internet Explorer|no|2
2012-06-06T11:17:50.611+00:00|962072678206|31.192.109.124|Internet Explorer|good|4
2012-06-05T18:26:23.510+00:00|962072678207|31.192.109.124|Internet Explorer|yes|3
2012-06-06T15:26:12.835+00:00|962072678208|31.209.180.133|Internet Explorer|fine|4
2012-06-06T01:53:12.425+00:00|962072678209|31.41.169.140|Chrome|About Fidel Castro, mbia, he concluded that the U.S. -backAbout Henry Manci|75
2012-06-06T16:25:28.448+00:00|962072678210|31.41.169.140|Chrome|ok|2
2012-06-06T07:39:25.569+00:00|962072678211|31.192.109.124|Internet Explorer|About Le Corbusier, is now called modern architecture. He wAbout Kick Out th|76
2011-12-20T07:22:09.132+00:00|755914248006|91.223.132.248|Internet Explorer|About Johnny Cash, ed many awardAbout Cyndi Lauper,  In 1999, LauAbout Jack Nicholson,|86
2011-12-21T00:05:10.136+00:00|755914248007|91.223.132.248|Internet Explorer|About Diesel and Dust,  Warumpi Band anAbout Blue Christmas, aple of ChristmaAbout Sociali|90
2011-12-20T13:07:35.876+00:00|755914248008|91.223.132.248|Internet Explorer|fine|4
2011-12-20T18:16:32.422+00:00|755914248009|91.223.132.248|Internet Explorer|ok|2
2011-12-20T08:08:50.266+00:00|755914248010|91.223.132.248|Internet Explorer|LOL|3
2011-12-21T05:57:05.057+00:00|755914248011|91.223.132.248|Internet Explorer|maybe|5
2011-12-21T00:38:45.723+00:00|755914248012|91.223.132.248|Internet Explorer|cool|4
2011-12-21T01:34:29.875+00:00|755914248013|91.223.132.248|Internet Explorer|duh|3
2011-12-20T14:33:40.404+00:00|755914248014|91.223.132.248|Internet Explorer|About Johnny Cash, /abs The JoAbout Cyndi Lauper,  her careerAbout Kid Roc|74
2011-12-18T21:46:22.324+00:00|755914248016|91.223.132.248|Internet Explorer|no|2
2011-12-19T16:31:18.287+00:00|755914248017|91.223.132.248|Internet Explorer|cool|4
2011-12-19T06:53:04.486+00:00|755914248018|77.70.251.98|Internet Explorer|About Edgar Prado,  On February 10,About Harold Pinter,  and others' worAbou|76
2011-12-19T00:37:11.293+00:00|755914248019|91.223.132.248|Internet Explorer|About Prince Philip, Duke of Edinburgh,  He is a paAbout Edgar Prado, ren named EA|82
2011-12-19T23:37:12.774+00:00|755914248020|91.223.132.248|Internet Explorer|About Edward Elgar, ars, to be sAbout Al Capone, . Despite hiAbout Word of Mouf|79
2011-12-20T06:07:57.401+00:00|755914248021|91.223.132.248|Internet Explorer|ok|2
2011-12-19T09:47:11.550+00:00|755914248022|91.223.132.248|Internet Explorer|LOL|3
2011-12-19T00:05:58.563+00:00|755914248023|91.223.132.248|Internet Explorer|LOL|3
2011-12-19T20:03:04.608+00:00|755914248024|91.223.132.248|Internet Explorer|About Paul Hindemith,  and conduAbout Prince Philip, Duke of Edinburgh, nd heiressAbou|86
2011-12-20T02:09:17.888+00:00|755914248026|91.223.132.248|Internet Explorer|ok|2
2011-12-20T08:02:15.275+00:00|755914248027|91.223.132.248|Internet Explorer|cool|4
2011-12-20T02:36:52.614+00:00|755914248028|91.223.132.248|Internet Explorer|no way!|7
2011-12-20T04:18:00.692+00:00|755914248029|91.223.132.248|Internet Explorer|LOL|3
2011-12-20T00:49:16.155+00:00|755914248030|91.223.132.248|Internet Explorer|About Edgar Prado, aces, making him the fourth About Stanley Kubrick, tic control|81
2011-12-20T20:23:12.179+00:00|755914248031|91.223.132.248|Internet Explorer|yes|3
2011-12-20T16:46:13.682+00:00|755914248032|91.223.132.248|Internet Explorer|cool|4
2011-12-20T22:09:49.953+00:00|755914248033|91.223.132.248|Internet Explorer|thanks|6
2011-12-20T12:48:46.619+00:00|755914248034|91.223.132.248|Internet Explorer|About Edgar Prado, ratoga Springs, NAbout Stanley Kubrick, rtistic control, About|81
2011-12-20T14:42:54.170+00:00|755914248036|91.223.132.248|Internet Explorer|About Peter Paul Rubens, ainter, and About David Cameron, ve Party. HeAbout Jonatha|83
2011-12-20T15:02:44.840+00:00|755914248037|91.223.132.248|Internet Explorer|roflol|6
2011-12-20T23:57:43.961+00:00|755914248038|91.223.132.248|Internet Explorer|ok|2
2011-12-20T05:05:46.241+00:00|755914248039|91.223.132.248|Internet Explorer|thanks|6
2011-12-20T21:19:34.946+00:00|755914248040|91.223.132.248|Internet Explorer|About Peter Paul Rubens, 0), was a FlAbout David Cameron, dom, First LAbout Ba|78
2011-12-20T06:20:26.956+00:00|755914248041|91.223.132.248|Internet Explorer|LOL|3
2011-12-20T22:45:50.012+00:00|755914248042|91.223.132.248|Internet Explorer|I see|5
2011-12-20T23:55:57.931+00:00|755914248043|87.226.13.151|Internet Explorer|ok|2
2011-12-20T14:43:16.283+00:00|755914248044|91.223.132.248|Internet Explorer|About Peter Paul Rubens,  by both PhAbout Virgil,  ancient RoAbout David Cameron, head of polAbout Jonat|104
2011-12-20T00:07:15.304+00:00|755914248046|91.223.132.248|Internet Explorer|ok|2
2011-12-20T03:04:14.852+00:00|755914248047|91.223.132.248|Internet Explorer|ok|2
2011-12-20T00:11:00.807+00:00|755914248048|91.223.132.248|Internet Explorer|right|5
2011-12-20T02:16:06.441+00:00|755914248049|91.223.132.248|Internet Explorer|About Edgar Prado, has three children namedAbout Interpol, n analysis. A different About To the|95
2011-12-20T17:47:01.524+00:00|755914248050|91.223.132.248|Internet Explorer|thx|3
2011-12-20T19:24:30.172+00:00|755914248051|91.223.132.248|Internet Explorer|About Edgar Prado, oughbred horse racing. His big break came in 199About Rolling in the Deep, isco tune. The largest crossover hit in the UnitA|143
2011-12-21T04:36:38.853+00:00|755914248052|91.223.132.248|Internet Explorer|cool|4
2011-12-20T21:12:04.575+00:00|755914248053|91.223.132.248|Internet Explorer|fine|4
2011-12-20T00:14:47.617+00:00|755914248054|91.223.132.248|Internet Explorer|About Edgar Prado, hose ... who exempliAbout Interpol, y. A few known data A|76
2011-12-19T22:16:50.659+00:00|755914248056|91.223.132.248|Internet Explorer|About Nicolas Sarkozy, mayor of NAbout Cicero, t the CatiAbout Edgar Prado, S. Racing A|87
2011-12-19T21:28:51.282+00:00|755914248057|91.223.132.248|Internet Explorer|About Victor Hugo, artistic About Plutarch,  twenty mAbout Edgar Prado, llow |77
2011-12-20T12:32:56.253+00:00|755914248058|91.223.132.248|Internet Explorer|thanks|6
2011-12-19T21:38:24.724+00:00|755914248059|91.223.132.248|Internet Explorer|About Victor Hugo, ance, hisAbout Plutarch, med, on hAbout Steven Spielberg, cie|80
2011-12-20T16:36:43.967+00:00|755914248060|91.223.132.248|Internet Explorer|thx|3
2011-12-19T22:15:08.825+00:00|755914248061|91.223.132.248|Internet Explorer|LOL|3
2011-12-20T05:21:30.181+00:00|755914248062|91.223.132.248|Internet Explorer|maybe|5
2011-12-20T00:17:41.485+00:00|755914248063|91.223.132.248|Internet Explorer|duh|3
2011-12-19T22:43:48.450+00:00|755914248064|91.223.132.248|Internet Explorer|maybe|5
2012-04-15T13:15:47.999+00:00|893353201830|27.116.34.47|Chrome|maybe|5
2012-04-14T23:47:12.368+00:00|893353201831|27.116.34.47|Chrome|good|4
2012-04-14T23:48:52.911+00:00|893353201832|27.116.34.47|Chrome|maybe|5
2012-04-15T02:49:30.203+00:00|893353201833|27.116.34.47|Chrome|yes|3
2012-04-15T01:12:49.846+00:00|893353201834|27.116.34.47|Chrome|About Muammar Gaddafi,  Security Council Resolution 1973 callingAbout Phil Collin|81
2012-04-15T01:22:31.219+00:00|893353201835|27.4.90.237|Internet Explorer|right|5
2012-04-15T03:25:07.410+00:00|893353201836|27.116.34.47|Chrome|roflol|6
2012-04-14T23:50:31.541+00:00|893353201837|27.4.90.237|Internet Explorer|thx|3
2012-04-15T08:13:33.205+00:00|893353201838|27.116.34.47|Chrome|About Muammar Gaddafi,  the country, with the forces opposing GaddafiAbout Jacqueline Kenn|90
2012-04-16T00:52:53.007+00:00|893353201839|27.116.34.47|Chrome|maybe|5
2012-04-15T02:39:23.665+00:00|893353201840|27.4.90.237|Internet Explorer|ok|2
2012-04-15T01:46:11.633+00:00|893353201841|27.116.34.47|Chrome|no way!|7
2012-04-15T06:23:57.743+00:00|893353201842|27.4.90.237|Internet Explorer|About Muammar Gaddafi,  governance structure. RisAbout Phil Collins, profes|75
2012-04-15T09:14:11.936+00:00|893353201843|27.4.90.237|Internet Explorer|great|5
2012-04-15T09:38:09.700+00:00|893353201844|27.4.90.237|Internet Explorer|ok|2
2012-04-15T01:35:45.776+00:00|893353201845|27.116.34.47|Chrome|duh|3
2012-04-14T23:48:31.333+00:00|893353201846|27.116.34.47|Chrome|About Muammar Gaddafi, February 2009 – 31 January 2010 Preceded bAbout Kofi Annan, |83
2012-04-15T08:22:32.320+00:00|893353201847|27.116.34.47|Chrome|ok|2
2012-04-15T00:04:31.321+00:00|893353201848|27.4.90.237|Internet Explorer|thx|3
2012-05-22T12:50:35.293+00:00|962072678932|41.223.177.12|Safari|no|2
2012-05-22T16:46:42.832+00:00|962072678933|197.220.203.36|Firefox|right|5
2012-05-22T05:18:23.965+00:00|962072678934|41.63.224.242|Firefox|good|4
2012-05-22T13:20:08.931+00:00|962072678935|14.207.165.248|Firefox|thx|3
2012-05-23T01:05:01.435+00:00|962072678936|77.245.239.11|Firefox|About Fernando González, in singles at Beijing 2008). Throughout hiAbout Rush Limba|83
2012-04-25T01:32:02.664+00:00|893353202292|41.188.97.221|Internet Explorer|About Fernando González, ombardero de La Reina and Mano de Piedra (Stone Hand). The English-laAbout I Know a Place, ool(which was three s|137
2012-04-25T03:11:25.096+00:00|893353202293|41.223.177.12|Safari|duh|3
2012-04-24T10:13:50.035+00:00|893353202294|31.182.127.125|Internet Explorer|right|5
2012-04-25T01:49:55.192+00:00|893353202295|27.122.45.252|Internet Explorer|About Fernando González, yer in history to have won each Olympic medal (gold in doubles and broAbout Ilkhanate, e, was a Mongol khanate, e|138
2012-04-25T17:32:51.669+00:00|893353202296|189.202.102.202|Firefox|About Fernando González, ory to have won each Olympic medal (gold in doubles and bronze in singles at Athens 200About Molière, ted to begin a life in the theatre. Thirteen y|173
2012-04-24T08:57:51.574+00:00|893353202297|27.131.221.93|Internet Explorer|thx|3
2012-04-25T05:04:06.698+00:00|893353202298|41.188.97.221|Internet Explorer|right|5
2012-04-25T02:43:10.708+00:00|893353202299|31.182.127.125|Internet Explorer|About Sierra Leone,  economic and commercial centre. Sierra Leone About Ilkhanate, andson,|90
2012-04-26T01:16:20.179+00:00|893353202300|41.223.177.12|Chrome|LOL|3
2012-04-25T11:44:36.669+00:00|893353202301|197.220.203.36|Firefox|About William Randolph Hearst, s in 1887, after taking control of The San FrancisAbout Sierra Leon|98
2012-04-25T23:08:52.449+00:00|893353202302|31.24.165.15|Firefox|thanks|6
2012-04-25T08:19:59.587+00:00|893353202303|197.220.203.36|Firefox|About Fernando González, e circuit. In Spanish he is called El BombAbout Want One,|82
2012-04-25T04:31:45.728+00:00|893353202304|91.191.192.127|Firefox|About Fernando González, led El Bombardero de La ReAbout Ilkhanate,  Armenia,|77
2012-08-09T06:15:37.899+00:00|1030792155778|193.104.227.215|Internet Explorer|About Robert Mugabe, ial fast-track land reform program intended to correct the in|82
2012-08-09T10:15:18.226+00:00|1030792155779|31.182.127.125|Internet Explorer|thx|3
2012-08-09T14:43:42.345+00:00|1030792155780|27.4.90.237|Internet Explorer|right|5
2012-08-09T17:23:52.371+00:00|1030792155781|197.220.203.36|Firefox|LOL|3
2012-08-08T20:40:34.737+00:00|1030792155782|31.182.127.125|Internet Explorer|cool|4
2012-08-09T08:17:56.959+00:00|1030792155783|193.104.227.215|Internet Explorer|maybe|5
2012-08-09T01:21:49.332+00:00|1030792155784|41.188.97.221|Internet Explorer|About Robert Plant,  metal magazine Hit Parader named Plant the Greatest Metal Vocalist of All-Time. In 2009, Plant was voted the greatest voice in rock in a poll conducted by Planet |183
2012-08-09T10:54:44.632+00:00|1030792155785|27.131.221.93|Internet Explorer|fine|4
2012-08-09T19:13:54.675+00:00|1030792155786|197.220.203.36|Firefox|fine|4
2012-08-09T13:40:49.510+00:00|1030792155787|197.220.203.36|Firefox|About Fidel Castro, w of Batista and relationship with Soviet Premier Nikita Khrushchev, implementing an economic blockade of the i|131
2012-08-10T09:17:48.804+00:00|1030792155788|1.29.220.142|Chrome|right|5
2012-08-09T02:26:10.984+00:00|1030792155789|41.188.97.221|Internet Explorer|maybe|5
2012-08-09T14:26:53.614+00:00|1030792155790|24.38.139.231|Firefox|great|5
2012-08-09T01:59:19.063+00:00|1030792155818|1.88.156.174|Internet Explorer|LOL|3
2012-08-08T16:54:16.084+00:00|1030792155819|31.182.127.125|Internet Explorer|roflol|6
2012-08-09T05:14:30.308+00:00|1030792155820|27.131.221.93|Internet Explorer|ok|2
2012-08-08T16:55:26.272+00:00|1030792155821|77.245.239.11|Firefox|LOL|3
2012-08-08T16:54:05.451+00:00|1030792155822|31.209.42.207|Internet Explorer|About Fernando González, ustralian Open, losing to top-ranked Roger Federer. He is the fourth male tennis playAbout Tokugawa shogunate, do Castle from 1603 until 1868, w|169
2012-08-09T05:20:34.382+00:00|1030792155823|91.191.192.127|Firefox|maybe|5
2012-08-09T03:32:17.204+00:00|1030792155824|41.188.97.221|Internet Explorer|ok|2
2012-08-09T16:51:17.352+00:00|1030792155825|112.121.80.7|Firefox|good|4
2012-08-08T17:34:47.065+00:00|1030792155826|31.24.165.15|Firefox|About Jerry Lee Lewis, bums ever. In 2008, he was inducted intAbout Tokugawa|76
2012-08-09T01:27:13.277+00:00|1030792155827|27.4.90.237|Internet Explorer|cool|4
2012-07-17T17:58:15.631+00:00|1030792155988|197.220.203.36|Firefox|About Music of My Heart, y Heart received four important nominations: the Academy Aw|84
2012-07-17T17:58:34.247+00:00|1030792155989|1.88.156.174|Internet Explorer|good|4
2012-07-18T08:03:39.459+00:00|1030792155990|148.204.226.31|Chrome|cool|4
2012-07-17T18:03:57.939+00:00|1030792155991|41.188.97.221|Internet Explorer|roflol|6
2012-07-18T07:38:47.427+00:00|1030792155992|197.220.203.36|Firefox|About Dirty Mind, st of the Top 100 Albums of the 1980s. In 2003, the album was ra|82
2012-07-17T13:06:51.361+00:00|1030792155993|31.24.165.15|Firefox|duh|3
2012-07-18T16:55:09.771+00:00|1030792155994|1.88.156.174|Internet Explorer|ok|2
2012-07-17T15:20:05.625+00:00|1030792155995|31.24.100.159|Firefox|roflol|6
2012-07-18T17:36:36.221+00:00|1030792155996|31.24.165.15|Firefox|no|2
2012-07-18T16:38:07.248+00:00|1030792155997|1.29.220.142|Chrome|LOL|3
2012-07-18T07:59:13.309+00:00|1030792155998|1.88.156.174|Internet Explorer|About The Hands That Built America,  new songs on their The Best of 1990-2000 compilation, with the other being Electrical Storm. It was nominated for Best Origi|161
2012-07-19T00:00:39.871+00:00|1030792155999|193.104.227.215|Internet Explorer|thanks|6
2012-07-18T09:33:21.580+00:00|1030792156000|1.88.156.174|Internet Explorer|no|2
2012-07-17T17:58:25.824+00:00|1030792156001|31.185.10.92|Internet Explorer|good|4
2012-07-17T15:04:45.049+00:00|1030792156002|197.220.203.36|Firefox|good|4
2012-07-18T20:23:53.345+00:00|1030792156003|27.122.45.252|Internet Explorer|ok|2
2012-02-07T19:14:49.262+00:00|824633725952|189.202.102.202|Firefox|About Mikhail Gorbachev,  he reached the post, he had occasionally been mentioned in w|86
2012-02-08T02:10:36.264+00:00|824633725953|148.204.226.31|Chrome|maybe|5
2012-02-08T05:17:25.599+00:00|824633725954|77.245.239.11|Firefox|duh|3
2012-02-08T10:57:32.880+00:00|824633725955|189.202.102.202|Firefox|About Francis Ford Coppola, ywood, that includes Martin Scorsese, Terrence Malick, R|84
2012-03-04T20:14:14.726+00:00|824633725962|189.202.102.202|Firefox|no way!|7
2012-03-04T20:09:27.005+00:00|824633725963|189.202.102.202|Firefox|LOL|3
2012-03-04T20:07:56.014+00:00|824633725964|27.131.221.93|Internet Explorer|About Ella Fitzgerald Sings the Jerome Kern Songbook, natra Sings... Academy Award Wi|85
2012-03-05T10:37:54.439+00:00|824633725965|77.245.239.11|Firefox|I see|5
2012-03-05T08:10:47.515+00:00|824633725966|148.204.226.31|Chrome|About Kingdom of Tavolara, een Victoria also recognized the sovereignty of Tavolara. Tav|88
2012-03-04T20:11:21.848+00:00|824633725967|148.204.226.31|Chrome|duh|3
2012-03-05T17:21:17.273+00:00|824633725968|189.202.102.202|Firefox|roflol|6
2012-03-05T09:14:12.124+00:00|824633725969|77.245.239.11|Firefox|ok|2
2012-03-05T18:43:41.530+00:00|824633725970|148.204.226.31|Chrome|no way!|7
2012-03-05T08:52:16.369+00:00|824633725971|27.131.221.93|Internet Explorer|good|4
2012-03-04T20:56:43.044+00:00|824633725972|148.204.226.31|Chrome|About Fernando González, p-ranked Roger Federer. He is the fourth About My Chick |81
2012-03-05T09:58:56.958+00:00|824633725973|189.202.102.202|Firefox|LOL|3
2012-03-05T00:25:30.267+00:00|824633725974|31.182.127.125|Internet Explorer|About Fernando González, Federer (all while they held the top spot), NAbout Colonel Bogey|89
2012-03-04T21:29:34.809+00:00|824633725975|77.245.239.11|Firefox|About The Beacon Street Collection, 6 million copies worldwide and attracting|77
2012-03-05T00:31:48.417+00:00|824633725976|148.204.226.31|Chrome|I see|5
2012-03-04T22:59:10.890+00:00|824633725977|189.202.102.202|Firefox|maybe|5
2012-03-05T14:13:24.580+00:00|824633725978|148.204.226.31|Chrome|yes|3
2012-05-15T00:53:49.631+00:00|962072679510|24.38.139.231|Firefox|thanks|6
2012-05-15T02:09:28.417+00:00|962072679511|82.151.83.86|Firefox|yes|3
2012-05-14T22:17:05.760+00:00|962072679512|189.202.102.202|Firefox|About Charlemagne, ope for the first time since the Romans, and the Carolingian renaiss|87
2012-05-14T22:26:24.963+00:00|962072679513|1.88.156.174|Internet Explorer|good|4
2012-05-15T05:51:04.527+00:00|962072679514|91.191.192.127|Firefox|roflol|6
2012-05-15T00:11:49.954+00:00|962072679515|41.188.97.221|Internet Explorer|good|4
2012-05-14T19:24:53.601+00:00|962072679516|31.24.100.159|Firefox|yes|3
2012-05-14T20:48:03.575+00:00|962072679517|77.245.239.11|Firefox|thanks|6
2012-05-14T16:26:15.967+00:00|962072679518|27.122.45.252|Internet Explorer|thx|3
2012-05-14T16:13:38.318+00:00|962072679519|109.237.39.79|Firefox|About Fernando González, o de La Reina and Mano de Piedra (Stone HandAbout Hilary Duff,|87
2012-05-15T09:52:29.030+00:00|962072679520|31.182.127.125|Internet Explorer|About Warsaw Pact, The Warsaw Pact was a Soviet military response to the i|74
2012-05-15T04:48:36.926+00:00|962072679521|91.191.192.127|Firefox|right|5
2012-05-14T23:33:18.976+00:00|962072679522|189.202.102.202|Firefox|no way!|7
2012-05-15T15:30:28.641+00:00|962072679523|197.220.203.36|Firefox|cool|4
2012-05-14T17:33:15.228+00:00|962072679524|31.182.127.125|Internet Explorer|About Fernando González, op-ranked Roger Federer. He is the fourth malAbout Vladimir Leni|89
2012-05-14T20:21:41.385+00:00|962072679525|189.202.102.202|Firefox|About Vladimir Lenin,  revolutionary process, while defendingAbout Noël Cowar|77
2012-05-15T19:14:43.781+00:00|962072679526|77.245.239.11|Firefox|thx|3
2012-08-23T08:03:13.745+00:00|1030792156324|77.245.239.11|Firefox|maybe|5
2012-08-23T18:17:02.016+00:00|1030792156325|1.88.156.174|Internet Explorer|roflol|6
2012-08-23T20:04:56.332+00:00|1030792156326|196.1.135.241|Internet Explorer|no way!|7
2012-08-23T06:14:24.999+00:00|1030792156327|27.131.221.93|Internet Explorer|cool|4
2012-08-23T08:46:45.903+00:00|1030792156328|24.38.139.231|Firefox|good|4
2012-08-23T06:15:39.430+00:00|1030792156329|31.209.42.207|Internet Explorer|About Fernando González,  to top-ranked Roger Federer. He is the About Andy Wa|78
2012-08-23T07:50:44.901+00:00|1030792156330|24.38.139.231|Firefox|yes|3
2012-08-23T13:21:23.455+00:00|1030792156331|193.104.227.215|Internet Explorer|thx|3
2012-08-23T19:39:59.794+00:00|1030792156332|204.79.194.208|Internet Explorer|About Björk, bum, she has been signed to One Little Indian Records in the United Kingdo|87
2012-08-24T01:21:29.191+00:00|1030792156333|193.104.227.215|Internet Explorer|About Netherlands, f Chemical Weapons and five international courts: the Permanent Court |89
2012-08-24T02:28:13.784+00:00|1030792156334|27.4.90.237|Internet Explorer|About Fernando González, o de Piedra (Stone Hand). The English-languAbout Jacques Off|85
2012-08-23T10:47:22.032+00:00|1030792156335|31.185.10.92|Internet Explorer|thx|3
2012-08-24T18:28:31.505+00:00|1030792156336|31.24.100.159|Firefox|About Howard Hughes, aviator, engineer, film producer, director, and philantAbout Netherlands, d. With Belgi|108
2012-08-24T16:23:26.904+00:00|1030792156337|27.122.45.252|Internet Explorer|LOL|3
2012-08-24T08:45:41.304+00:00|1030792156338|27.131.221.93|Internet Explorer|I see|5
2012-08-24T01:14:09.441+00:00|1030792156339|31.209.42.207|Internet Explorer|About Jefferson Davis, President Franklin Pierce. Both before and after his tim|79
2012-08-28T23:56:47.396+00:00|1030792156400|196.1.135.241|Internet Explorer|About North Vietnam,  ceased to exist when the North and South regions combined i|81
2012-07-02T10:31:17.391+00:00|962072679666|77.245.239.11|Firefox|About Fernando González,  Marat Safin, and Pete Sampras. González qualAbout Donald Trump,|89
2012-09-10T13:26:11.038+00:00|1099511633327|91.223.132.248|Internet Explorer|thanks|6
2012-09-10T16:55:55.767+00:00|1099511633328|202.4.167.190|Chrome|no|2
2012-09-10T13:58:19.702+00:00|1099511633329|197.220.203.36|Firefox|About Knights of Cydonia, s won in one Olympics. The first live performance of Knights of|89
2012-09-10T15:54:14.520+00:00|1099511633330|27.122.45.252|Internet Explorer|yes|3
2012-09-10T16:39:17.167+00:00|1099511633331|27.4.90.237|Internet Explorer|yes|3
2012-09-10T16:18:35.178+00:00|1099511633332|24.38.139.231|Firefox|LOL|3
2012-09-10T23:58:12.420+00:00|1099511633333|31.185.10.92|Internet Explorer|About Richard Nixon, e's Republic of China in 1972 opened diplomatic relations betwe|84
2012-05-26T22:42:37.196+00:00|962072679871|148.204.226.31|Chrome|right|5
2012-05-27T10:13:39.272+00:00|962072679872|148.204.226.31|Chrome|About Fernando González, re Agassi, Roger Federer (all while they hAbout Early mod|82
2012-05-27T14:52:16.706+00:00|962072679873|31.24.165.15|Firefox|no way!|7
2012-05-26T22:44:20.371+00:00|962072679874|31.182.127.125|Internet Explorer|thanks|6
2012-05-27T13:32:56.954+00:00|962072679875|31.182.127.125|Internet Explorer|About Niccolò Machiavelli, i Bernardo dei Machiavelli (3 May 1469 About Early|77
2012-05-27T20:45:53.967+00:00|962072679876|24.38.139.231|Firefox|good|4
2012-05-26T23:03:28.408+00:00|962072679877|31.182.127.125|Internet Explorer|great|5
2012-07-14T03:25:16.266+00:00|1030792156615|1.29.220.142|Chrome|LOL|3
2012-07-13T18:39:26.684+00:00|1030792156616|31.185.10.92|Internet Explorer|great|5
2012-07-13T16:21:48.321+00:00|1030792156617|27.131.221.93|Internet Explorer|cool|4
2012-07-13T20:55:54.467+00:00|1030792156618|189.202.102.202|Firefox|About City of Angels: Music from the Motion Picture, the Motion Picture is the sou|82
2012-07-13T21:03:49.122+00:00|1030792156619|31.24.165.15|Firefox|roflol|6
2012-07-14T08:26:44.395+00:00|1030792156620|31.24.100.159|Firefox|About Fernando González, d professional tennis player from Chile. He is known fAbout Muddy Waters, e Briti|106
2012-07-13T16:45:53.031+00:00|1030792156621|193.104.227.215|Internet Explorer|thx|3
2012-05-31T18:42:14.820+00:00|962072679887|41.204.108.126|Firefox|LOL|3
2012-05-31T13:41:40.176+00:00|962072679888|31.24.165.15|Firefox|About Fernando González, fessional tennis player from Chile. He is known for having one of About Louis XIV of France, f temporal r|130
2012-05-31T13:59:41.727+00:00|962072679889|31.24.100.159|Firefox|great|5
2012-05-31T19:11:00.603+00:00|962072679890|197.220.203.36|Firefox|I see|5
2012-05-31T08:28:18.118+00:00|962072679891|31.24.100.159|Firefox|About Fernando González, labeled him Gonzo. González reached at least About The Valley Ro|89
2012-05-31T14:24:16.801+00:00|962072679892|27.122.45.252|Internet Explorer|fine|4
2012-05-31T13:41:53.017+00:00|962072679893|27.122.45.252|Internet Explorer|good|4
2012-05-31T18:17:19.345+00:00|962072679894|27.131.221.93|Internet Explorer|good|4
2012-05-31T10:25:32.657+00:00|962072679895|41.188.97.221|Internet Explorer|great|5
2012-05-31T09:46:46.501+00:00|962072679896|78.28.176.223|Internet Explorer|About Instant Karma: The Amnesty International Campaign to Save Darfur, ty Inte|79
2012-05-31T14:28:09.325+00:00|962072679897|103.10.122.172|Firefox|good|4
2012-05-31T10:24:20.528+00:00|962072679898|27.122.45.252|Internet Explorer|fine|4
2012-05-31T21:33:59.833+00:00|962072679899|189.202.102.202|Firefox|About Avril Lavigne, ird No. 1 album in the UK AlbuAbout Fernando González,  tournaments.|89
2012-05-31T13:51:44.028+00:00|962072679900|197.220.203.36|Firefox|no way!|7
2012-05-31T10:22:38.872+00:00|962072679901|41.223.177.12|Safari|About Fernando González, en, losing to top-ranked Roger Federer. He is the fourth About Anne, Queen of Great Brit|113
2012-06-01T01:26:04.545+00:00|962072679902|41.188.97.221|Internet Explorer|About Fernando González, te Sampras. González qualified twice for thAbout Yuan Dynas|84
2012-05-31T15:29:31.364+00:00|962072679903|197.220.203.36|Firefox|About Fernando González, Slam tournaments. He played his first major final at the 2007 Australian Open, losiAbout French Fifth Republic, ration (1814–1830) July Rev|164
2012-05-31T05:05:25.264+00:00|962072679904|58.96.192.75|Firefox|fine|4
2012-05-31T17:58:51.022+00:00|962072679905|31.24.165.15|Firefox|About Fernando González, guably Chile's best tennis player of the 20About Dedicated F|85
2012-05-07T22:34:42.445+00:00|893353203171|31.182.127.125|Internet Explorer|thanks|6
2012-05-08T13:44:29.745+00:00|893353203172|31.24.100.159|Firefox|duh|3
2012-05-07T23:19:14.084+00:00|893353203173|41.188.97.221|Internet Explorer|About Brian Wilson, each Boys, he also functioned as the band's main produc|75
2012-05-08T11:16:27.316+00:00|893353203174|77.245.239.11|Firefox|About Duchy of Modena and Reggio, et Regii was a small Italian state that existed from|86
2012-05-07T17:41:26.820+00:00|893353203175|31.182.127.125|Internet Explorer|About John Adams,  Doctor Atomic (2005), which covers Robert Oppenheimer, the M|79
2012-05-08T12:41:38.218+00:00|893353203176|41.223.177.12|Safari|fine|4
2012-05-07T17:42:50.154+00:00|893353203177|27.122.45.252|Internet Explorer|good|4
2012-05-07T17:41:38.828+00:00|893353203178|31.24.165.15|Firefox|thanks|6
2012-05-07T23:29:10.024+00:00|893353203179|41.188.97.221|Internet Explorer|About Grant Morrison, counter-cultural leanings, as well as his successful runs on titles like Animal Man, Doom Patrol, JLA, The Invisibles, New X-Men, Fantast|159
2012-05-07T17:48:58.756+00:00|893353203180|148.204.226.31|Chrome|ok|2
2012-05-07T17:42:23.613+00:00|893353203181|31.24.165.15|Firefox|duh|3
2012-05-07T21:13:39.494+00:00|893353203182|27.131.221.93|Internet Explorer|About Francis of Assisi,  the order. Once his organization was endorsed by the Pope, he |88
2012-05-08T23:22:33.644+00:00|962072679919|213.55.93.11|Firefox|good|4
2012-05-08T11:46:10.763+00:00|893353203184|148.204.226.31|Chrome|About Solomon, om Yahweh, leads to the kingdom being torn in two durAbout Duchy of Modena and Reggio,  1|104
2012-05-08T00:21:53.272+00:00|893353203185|27.122.45.252|Internet Explorer|About Aldous Huxley,  essays, Huxley also edited the magazineAbout Brian Wilso|78
2012-05-07T17:42:52.597+00:00|893353203186|112.109.91.0|Firefox|About John Adams, 8), a minimalist four-movement work for strings. His well-kAbout Darfur, Watonwan County, Minnesota|117
2012-05-08T00:54:45.513+00:00|893353203187|123.108.255.137|Chrome|ok|2
2012-05-09T10:05:33.889+00:00|962072679924|31.24.100.159|Firefox|no|2
2012-05-07T18:04:31.950+00:00|893353203189|1.88.156.174|Internet Explorer|roflol|6
2012-08-24T20:22:02.232+00:00|1030792156665|27.4.90.237|Internet Explorer|no|2
2012-08-24T16:59:03.229+00:00|1030792156666|31.24.100.159|Firefox|maybe|5
2012-08-07T01:03:02.940+00:00|1030792156751|27.131.221.93|Internet Explorer|thx|3
2012-08-07T14:26:46.866+00:00|1030792156752|31.185.10.92|Internet Explorer|great|5
2012-08-07T04:02:54.781+00:00|1030792156753|189.202.102.202|Firefox|About Frank Welker, ndell Frank Welker (born March 12, 1946) is an American ac|78
2012-08-08T00:28:39.065+00:00|1030792156754|31.185.10.92|Internet Explorer|roflol|6
2012-08-07T07:10:57.585+00:00|1030792156755|27.131.221.93|Internet Explorer|great|5
2012-08-07T01:00:57.319+00:00|1030792156756|91.191.192.127|Firefox|roflol|6
2012-08-07T07:38:16.438+00:00|1030792156757|1.88.156.174|Internet Explorer|LOL|3
2012-08-07T05:42:22.081+00:00|1030792156758|27.131.221.93|Internet Explorer|great|5
2012-08-08T02:52:30.855+00:00|1030792156759|91.191.192.127|Firefox|thx|3
2012-08-07T04:22:17.907+00:00|1030792156760|31.182.127.125|Internet Explorer|About Elizabeth I of England, d of her reign, a series of economic and military problems|88
2012-08-07T12:50:14.789+00:00|1030792156761|31.24.100.159|Firefox|fine|4
2012-08-07T01:10:08.135+00:00|1030792156762|31.185.10.92|Internet Explorer|ok|2
2012-08-07T02:29:30.604+00:00|1030792156763|24.38.139.231|Firefox|About Fernando González, erer. He is the fourth male tennis player in history to have won eaAbout Louis Armstrong, rics). Renowned f|132
2012-09-12T09:18:36.632+00:00|1099511633515|31.24.165.15|Firefox|I see|5
2012-09-12T07:10:11.699+00:00|1099511633516|202.4.167.190|Chrome|About Eleanor Roosevelt, t the University of California, San Diego. The college wa|82
2012-09-12T10:31:20.096+00:00|1099511633517|77.245.239.11|Firefox|LOL|3
2012-09-13T00:51:30.317+00:00|1099511633518|202.4.167.190|Chrome|right|5
2012-09-11T13:12:57.116+00:00|1099511633519|41.188.97.221|Internet Explorer|no|2
2012-09-12T04:07:23.682+00:00|1099511633520|91.223.132.248|Internet Explorer|LOL|3
2012-09-11T20:34:48.603+00:00|1099511633521|27.122.45.252|Internet Explorer|good|4
2012-09-12T01:59:44.535+00:00|1099511633522|31.192.109.124|Internet Explorer|yes|3
2012-08-28T14:43:37.781+00:00|1030792156788|31.209.42.207|Internet Explorer|About Sultanate of Rum, es and reached Lake Van. Its westernmost limit was near Denizli a|89
2012-08-28T08:10:49.437+00:00|1030792156789|203.215.63.48|Firefox|duh|3
2012-08-28T12:38:58.138+00:00|1030792156790|24.38.139.231|Firefox|cool|4
2012-08-29T07:21:25.984+00:00|1030792156791|1.29.220.142|Chrome|About Henry Fonda, t Fonda, and grandson Troy Garity. His family and close friends called |90
2012-08-29T03:52:50.118+00:00|1030792156792|1.29.220.142|Chrome|cool|4
2012-08-28T18:39:41.076+00:00|1030792156793|148.204.226.31|Chrome|thanks|6
2012-08-30T00:36:35.089+00:00|1030792156794|196.1.135.241|Internet Explorer|About Dutch East Indies, ar. The campaign and subsequent three and a half years Japanes|87
2012-08-30T15:18:56.115+00:00|1030792156795|196.1.135.241|Internet Explorer|thanks|6
2012-06-06T14:31:28.490+00:00|962072680061|46.253.7.197|Internet Explorer|no|2
2012-06-07T12:46:18.818+00:00|962072680062|49.50.77.195|Firefox|About Fernando González, is known for having one of the hardest forehAbout Hole in My |86
2012-06-06T21:14:55.307+00:00|962072680063|27.116.34.47|Chrome|thanks|6
2012-06-07T15:06:36.188+00:00|962072680064|189.205.57.97|Internet Explorer|good|4
2012-06-06T21:47:27.574+00:00|962072680065|31.24.100.159|Firefox|good|4
2012-06-07T13:01:01.805+00:00|962072680066|41.188.97.221|Internet Explorer|cool|4
2012-06-07T21:15:51.945+00:00|962072680067|91.191.192.127|Firefox|no|2
2012-06-07T17:17:43.781+00:00|962072680068|193.104.227.215|Internet Explorer|good|4
2012-06-07T09:30:24.399+00:00|962072680069|31.41.169.140|Chrome|good|4
2012-06-08T10:49:28.596+00:00|962072680070|91.191.192.127|Firefox|good|4
2012-06-07T00:25:47.304+00:00|962072680071|27.116.34.47|Chrome|LOL|3
2012-06-08T09:59:44.659+00:00|962072680072|193.104.227.215|Internet Explorer|About The Wall – Live in Berlin, n mistakenly referred to as a Pink Floyd cAbout H|82
2012-06-06T12:55:54.934+00:00|962072680073|31.24.165.15|Firefox|cool|4
2012-06-06T20:09:00.000+00:00|962072680074|186.64.7.5|Firefox|great|5
2012-06-07T12:49:15.715+00:00|962072680075|27.116.34.47|Chrome|roflol|6
2012-06-06T13:28:10.078+00:00|962072680076|31.41.169.140|Chrome|About Fernando González,  Agassi, Roger Federer (all while theyAbout ...Bu|74
2012-06-06T18:58:50.183+00:00|962072680077|186.64.7.5|Firefox|About Fernando González, na and Mano de Piedra (Stone Hand). TheAbout The Ve|76
2012-06-07T14:38:14.033+00:00|962072680078|31.24.165.15|Firefox|thx|3
2012-08-26T13:22:10.196+00:00|1030792156832|46.154.44.101|Firefox|About Republic of New Granada, imate of the republic was the position of the Catholic Church and the level of autonomy for the federal states. In 1|147
2012-08-26T20:22:14.449+00:00|1030792156833|186.64.7.5|Firefox|duh|3
2012-08-26T13:25:30.379+00:00|1030792156834|31.209.42.207|Internet Explorer|good|4
2012-08-27T07:29:33.405+00:00|1030792156835|31.24.165.15|Firefox|yes|3
2012-08-26T19:55:44.698+00:00|1030792156836|27.131.221.93|Internet Explorer|yes|3
2012-08-27T09:19:59.684+00:00|1030792156837|192.190.31.253|Chrome|great|5
2012-08-27T03:20:09.002+00:00|1030792156838|1.2.2.77|Firefox|great|5
2012-08-26T12:00:21.004+00:00|1030792156839|27.122.45.252|Internet Explorer|no way!|7
2012-08-26T14:14:50.401+00:00|1030792156840|91.223.132.248|Internet Explorer|thx|3
2012-08-26T13:30:14.731+00:00|1030792156841|1.88.156.174|Internet Explorer|About David Lynch, d the United States, before going on to studAbout Republic of New Gr|87
2012-03-29T17:37:26.398+00:00|893353203918|196.29.42.107|Firefox|About Herodotus, of History, and was the first historian known to collect his mater|83
2012-03-29T17:51:34.511+00:00|893353203919|196.29.42.107|Firefox|About Colombia, departments. The country is located in northwestern South America, bordered to the northwest by Panama; to the north by the Caribbean Sea;|154
